k,state,Q_total,Q_z_score,n_modules,n_significant_modules,percent_significant,interpretation,analysis_time_seconds
4,0,0.6170010492516016,19.668025140574997,5,5,100.0,HIGHLY SIGNIFICANT,214.17806673049927
4,1,0.6274523040098233,19.080691863039355,6,6,100.0,HIGHLY SIGNIFICANT,217.02649402618408
4,2,0.6818321836424366,17.020605901612416,9,9,100.0,HIGHLY SIGNIFICANT,212.96397304534912
4,3,0.5926331539549727,20.048983888864086,6,6,100.0,HIGHLY SIGNIFICANT,213.08475995063782
