k,state,module_id,module_size,module_Q,module_pvalue,fdr_bh_pval_0.05,fdr_bh_sig_0.05,fdr_bh_pval_0.01,fdr_bh_sig_0.01,fdr_bh_pval_0.001,fdr_bh_sig_0.001,bonf_pval_0.05,bonf_sig_0.05,roi_examples
2,0,1,23,0.0933113330015464,0.009900990099009901,0.009900990099009901,True,0.009900990099009901,True,0.009900990099009901,False,0.04950495049504951,True,Acumbens_left; AIV_left; Amygdala_left; Hypothalamus_left; IL_left
2,0,2,20,0.12810330843425988,0.009900990099009901,0.009900990099009901,True,0.009900990099009901,True,0.009900990099009901,False,0.04950495049504951,True,AID_left; AIP_left; DI_left; Fr3_left; GIDI_left
2,0,3,27,0.13821202690420778,0.009900990099009901,0.009900990099009901,True,0.009900990099009901,True,0.009900990099009901,False,0.04950495049504951,True,Au1_left; AUD_left; Hipp_CA1_A_left; Hipp_CA2_left; Hipp_CA3_A_left
2,0,4,30,0.16361465202803663,0.009900990099009901,0.009900990099009901,True,0.009900990099009901,True,0.009900990099009901,False,0.04950495049504951,True,AuV_left; Brainstem_left; Cent_Gray_left; Cerebellum_left; DLEnt_left
2,0,5,14,0.0778500567173641,0.009900990099009901,0.009900990099009901,True,0.009900990099009901,True,0.009900990099009901,False,0.04950495049504951,True,Cg_left; M1_left; M2_left; PrL_left; S1DZ_left
2,1,1,30,0.14910415332477223,0.009900990099009901,0.009900990099009901,True,0.009900990099009901,True,0.009900990099009901,False,0.04950495049504951,True,Acumbens_left; Cg_left; Hypothalamus_left; IL_left; LSeptn_left
2,1,2,27,0.1667920293909061,0.009900990099009901,0.009900990099009901,True,0.009900990099009901,True,0.009900990099009901,False,0.04950495049504951,True,AID_left; AIP_left; AIV_left; Amygdala_left; DI_left
2,1,3,29,0.16005857016922725,0.009900990099009901,0.009900990099009901,True,0.009900990099009901,True,0.009900990099009901,False,0.04950495049504951,True,Au1_left; AUD_left; AuV_left; Hipp_CA1_A_left; Hipp_CA2_left
2,1,4,16,0.07615811115304401,0.009900990099009901,0.009900990099009901,True,0.009900990099009901,True,0.009900990099009901,False,0.04950495049504951,True,Brainstem_left; Cent_Gray_left; Cerebellum_left; DLEnt_left; Ect_left
2,1,5,12,0.0961479060239587,0.009900990099009901,0.009900990099009901,True,0.009900990099009901,True,0.009900990099009901,False,0.04950495049504951,True,DLEnt_right; Ect_right; Hipp_CA1_A_right; Hipp_CA1_P_right; Hipp_CA2_right
3,0,1,28,0.12605119833670175,0.009900990099009901,0.009900990099009901,True,0.009900990099009901,True,0.009900990099009901,False,0.0594059405940594,False,Acumbens_left; AIP_left; AIV_left; Amygdala_left; GIDI_left
3,0,2,15,0.11286341625117109,0.009900990099009901,0.009900990099009901,True,0.009900990099009901,True,0.009900990099009901,False,0.0594059405940594,False,AID_left; DI_left; Fr3_left; GI_left; S1DZ0_left
3,0,3,26,0.14124759326636555,0.009900990099009901,0.009900990099009901,True,0.009900990099009901,True,0.009900990099009901,False,0.0594059405940594,False,Au1_left; AUD_left; Hipp_CA1_A_left; Hipp_CA2_left; Hipp_CA3_A_left
3,0,4,14,0.10255210175948579,0.009900990099009901,0.009900990099009901,True,0.009900990099009901,True,0.009900990099009901,False,0.0594059405940594,False,AuV_left; DLEnt_right; Ect_right; Hipp_CA1_A_right; Hipp_CA1_P_right
3,0,5,16,0.06990855565206082,0.009900990099009901,0.009900990099009901,True,0.009900990099009901,True,0.009900990099009901,False,0.0594059405940594,False,Brainstem_left; Cent_Gray_left; Cerebellum_left; DLEnt_left; Ect_left
3,0,6,15,0.08492695747846937,0.009900990099009901,0.009900990099009901,True,0.009900990099009901,True,0.009900990099009901,False,0.0594059405940594,False,Cg_left; M1_left; M2_left; PrL_left; S1DZ_left
3,1,1,13,0.05589010730585566,0.009900990099009901,0.009900990099009901,True,0.009900990099009901,True,0.009900990099009901,False,0.06930693069306931,False,Acumbens_left; AIV_left; IL_left; LSeptn_left; Piriform_left
3,1,2,22,0.1384281227168883,0.009900990099009901,0.009900990099009901,True,0.009900990099009901,True,0.009900990099009901,False,0.06930693069306931,False,AID_left; AIP_left; DI_left; Fr3_left; GIDI_left
3,1,3,8,0.020815476477715672,0.009900990099009901,0.009900990099009901,True,0.009900990099009901,True,0.009900990099009901,False,0.06930693069306931,False,Amygdala_left; Hypothalamus_left; SaP_left; Thalamus_A_left; Thalamus_P_left
3,1,4,25,0.12377987397512523,0.009900990099009901,0.009900990099009901,True,0.009900990099009901,True,0.009900990099009901,False,0.06930693069306931,False,Au1_left; AUD_left; Hipp_CA1_A_left; Hipp_CA2_left; Hipp_CA3_A_left
3,1,5,20,0.12577699845259316,0.009900990099009901,0.009900990099009901,True,0.009900990099009901,True,0.009900990099009901,False,0.06930693069306931,False,AuV_left; RSGb_left; Superior_Colliculus_left; Central_Gray_right; Cerebellum_right
3,1,6,11,0.0422475648044781,0.009900990099009901,0.009900990099009901,True,0.009900990099009901,True,0.009900990099009901,False,0.06930693069306931,False,Brainstem_left; Cent_Gray_left; Cerebellum_left; DLEnt_left; Ect_left
3,1,7,15,0.07708529915957812,0.009900990099009901,0.009900990099009901,True,0.009900990099009901,True,0.009900990099009901,False,0.06930693069306931,False,Cg_left; M1_left; M2_left; PrL_left; S1DZ_left
3,2,1,25,0.13849651110559724,0.009900990099009901,0.009900990099009901,True,0.009900990099009901,True,0.009900990099009901,False,0.04950495049504951,True,Acumbens_left; Cg_left; IL_left; LSeptn_left; M1_left
3,2,2,34,0.17896683146563475,0.009900990099009901,0.009900990099009901,True,0.009900990099009901,True,0.009900990099009901,False,0.04950495049504951,True,AID_left; AIP_left; AIV_left; Amygdala_left; DI_left
3,2,3,27,0.15769092111021885,0.009900990099009901,0.009900990099009901,True,0.009900990099009901,True,0.009900990099009901,False,0.04950495049504951,True,Au1_left; AUD_left; AuV_left; Hipp_CA1_A_left; Hipp_CA2_left
3,2,4,16,0.07622613223157654,0.009900990099009901,0.009900990099009901,True,0.009900990099009901,True,0.009900990099009901,False,0.04950495049504951,True,Brainstem_left; Cent_Gray_left; Cerebellum_left; DLEnt_left; Ect_left
3,2,5,12,0.09594351125250691,0.009900990099009901,0.009900990099009901,True,0.009900990099009901,True,0.009900990099009901,False,0.04950495049504951,True,DLEnt_right; Ect_right; Hipp_CA1_A_right; Hipp_CA1_P_right; Hipp_CA2_right
4,0,1,30,0.12781353051777117,0.009900990099009901,0.009900990099009901,True,0.009900990099009901,True,0.009900990099009901,False,0.0594059405940594,False,Acumbens_left; AIP_left; AIV_left; Amygdala_left; GIDI_left
4,0,2,16,0.11770504951376416,0.009900990099009901,0.009900990099009901,True,0.009900990099009901,True,0.009900990099009901,False,0.0594059405940594,False,AID_left; DI_left; Fr3_left; GI_left; S1DZ0_left
4,0,3,25,0.13609349748643199,0.009900990099009901,0.009900990099009901,True,0.009900990099009901,True,0.009900990099009901,False,0.0594059405940594,False,Au1_left; AUD_left; Hipp_CA1_A_left; Hipp_CA2_left; Hipp_CA3_A_left
4,0,4,14,0.10142998423752934,0.009900990099009901,0.009900990099009901,True,0.009900990099009901,True,0.009900990099009901,False,0.0594059405940594,False,AuV_left; DLEnt_right; Ect_right; Hipp_CA1_A_right; Hipp_CA1_P_right
4,0,5,17,0.07389228285668582,0.009900990099009901,0.009900990099009901,True,0.009900990099009901,True,0.009900990099009901,False,0.0594059405940594,False,Brainstem_left; Cent_Gray_left; Cerebellum_left; DLEnt_left; Ect_left
4,0,6,12,0.06653663110487802,0.009900990099009901,0.009900990099009901,True,0.009900990099009901,True,0.009900990099009901,False,0.0594059405940594,False,Cg_left; M1_left; M2_left; S1FL_left; S1HL_left
4,1,1,13,0.057120744496207125,0.009900990099009901,0.009900990099009901,True,0.009900990099009901,True,0.009900990099009901,False,0.0594059405940594,False,Acumbens_left; AIV_left; IL_left; LSeptn_left; Piriform_left
4,1,2,29,0.1517428907647031,0.009900990099009901,0.009900990099009901,True,0.009900990099009901,True,0.009900990099009901,False,0.0594059405940594,False,AID_left; AIP_left; Amygdala_left; DI_left; Fr3_left
4,1,3,25,0.14400457834472333,0.009900990099009901,0.009900990099009901,True,0.009900990099009901,True,0.009900990099009901,False,0.0594059405940594,False,Au1_left; AuV_left; Cent_Gray_left; Cerebellum_left; Hipp_dentegyrus_P_left
4,1,4,23,0.1171206298532776,0.009900990099009901,0.009900990099009901,True,0.009900990099009901,True,0.009900990099009901,False,0.0594059405940594,False,AUD_left; Hipp_CA1_A_left; Hipp_CA2_left; Hipp_CA3_A_left; Hipp_CA3_P_left
4,1,5,9,0.03292243949692555,0.009900990099009901,0.009900990099009901,True,0.009900990099009901,True,0.009900990099009901,False,0.0594059405940594,False,Brainstem_left; DLEnt_left; Ect_left; Hipp_Sub_P_left; Inferior_Colliculus_left
4,1,6,15,0.07655219224092137,0.009900990099009901,0.009900990099009901,True,0.009900990099009901,True,0.009900990099009901,False,0.0594059405940594,False,Cg_left; M1_left; M2_left; PrL_left; S1DZ_left
4,2,1,17,0.09758350088741863,0.009900990099009901,0.009900990099009901,True,0.009900990099009901,True,0.009900990099009901,False,0.0594059405940594,False,Acumbens_left; AIV_left; IL_left; LSeptn_left; Piriform_left
4,2,2,29,0.160361122522063,0.009900990099009901,0.009900990099009901,True,0.009900990099009901,True,0.009900990099009901,False,0.0594059405940594,False,AID_left; AIP_left; Amygdala_left; DI_left; Fr3_left
4,2,3,29,0.16223131183933598,0.009900990099009901,0.009900990099009901,True,0.009900990099009901,True,0.009900990099009901,False,0.0594059405940594,False,Au1_left; AUD_left; AuV_left; Hipp_CA1_A_left; Hipp_CA2_left
4,2,4,15,0.07681277685857799,0.009900990099009901,0.009900990099009901,True,0.009900990099009901,True,0.009900990099009901,False,0.0594059405940594,False,Brainstem_left; Cent_Gray_left; Cerebellum_left; DLEnt_left; Ect_left
4,2,5,11,0.061123674857916,0.009900990099009901,0.009900990099009901,True,0.009900990099009901,True,0.009900990099009901,False,0.0594059405940594,False,Cg_left; M1_left; M2_left; S1FL_left; Cg_right
4,2,6,13,0.10066481293819403,0.009900990099009901,0.009900990099009901,True,0.009900990099009901,True,0.009900990099009901,False,0.0594059405940594,False,DLEnt_right; Ect_right; Hipp_CA1_A_right; Hipp_CA1_P_right; Hipp_CA2_right
4,3,1,30,0.1343451346325275,0.009900990099009901,0.009900990099009901,True,0.009900990099009901,True,0.009900990099009901,False,0.0594059405940594,False,Acumbens_left; AIP_left; AIV_left; Amygdala_left; GIDI_left
4,3,2,16,0.1218768811674051,0.009900990099009901,0.009900990099009901,True,0.009900990099009901,True,0.009900990099009901,False,0.0594059405940594,False,AID_left; DI_left; Fr3_left; GI_left; S1DZ0_left
4,3,3,26,0.14265988679986527,0.009900990099009901,0.009900990099009901,True,0.009900990099009901,True,0.009900990099009901,False,0.0594059405940594,False,Au1_left; AUD_left; AuV_left; Hipp_CA1_A_left; Hipp_CA2_left
4,3,4,17,0.07240904318903342,0.009900990099009901,0.009900990099009901,True,0.009900990099009901,True,0.009900990099009901,False,0.0594059405940594,False,Brainstem_left; Cent_Gray_left; Cerebellum_left; DLEnt_left; Ect_left
4,3,5,13,0.06738647354380585,0.009900990099009901,0.009900990099009901,True,0.009900990099009901,True,0.009900990099009901,False,0.0594059405940594,False,Cg_left; M1_left; M2_left; S1FL_left; S1HL_left
4,3,6,12,0.09292022730577282,0.009900990099009901,0.009900990099009901,True,0.009900990099009901,True,0.009900990099009901,False,0.0594059405940594,False,DLEnt_right; Ect_right; Hipp_CA1_A_right; Hipp_CA1_P_right; Hipp_CA2_right
5,0,1,37,0.19909101098447007,0.009900990099009901,0.009900990099009901,True,0.009900990099009901,True,0.009900990099009901,False,0.0594059405940594,False,Acumbens_left; AID_left; AIP_left; AIV_left; Amygdala_left
5,0,2,17,0.11882517651322123,0.009900990099009901,0.009900990099009901,True,0.009900990099009901,True,0.009900990099009901,False,0.0594059405940594,False,Au1_left; AuV_left; Cerebellum_right; DLEnt_right; Ect_right
5,0,3,24,0.12449075669565246,0.009900990099009901,0.009900990099009901,True,0.009900990099009901,True,0.009900990099009901,False,0.0594059405940594,False,AUD_left; Hipp_CA1_A_left; Hipp_CA2_left; Hipp_CA3_A_left; Hipp_CA3_P_left
5,0,4,15,0.061847256934709674,0.009900990099009901,0.009900990099009901,True,0.009900990099009901,True,0.009900990099009901,False,0.0594059405940594,False,Brainstem_left; Cent_Gray_left; Cerebellum_left; DLEnt_left; Ect_left
5,0,5,15,0.08328365772530055,0.009900990099009901,0.009900990099009901,True,0.009900990099009901,True,0.009900990099009901,False,0.0594059405940594,False,Cg_left; M1_left; M2_left; PrL_left; S1DZ_left
5,0,6,6,0.014785876214906409,0.009900990099009901,0.009900990099009901,True,0.009900990099009901,True,0.009900990099009901,False,0.0594059405940594,False,Hypothalamus_left; Thalamus_A_left; Thalamus_P_left; Hypothalamus_right; Thalamus_A_right
5,1,1,32,0.14337693017399433,0.009900990099009901,0.009900990099009901,True,0.009900990099009901,True,0.009900990099009901,False,0.04950495049504951,True,Acumbens_left; Cg_left; Hypothalamus_left; IL_left; LSeptn_left
5,1,2,27,0.1680685343300551,0.009900990099009901,0.009900990099009901,True,0.009900990099009901,True,0.009900990099009901,False,0.04950495049504951,True,AID_left; AIP_left; AIV_left; Amygdala_left; DI_left
5,1,3,28,0.1509750947139404,0.009900990099009901,0.009900990099009901,True,0.009900990099009901,True,0.009900990099009901,False,0.04950495049504951,True,Au1_left; AUD_left; AuV_left; Cent_Gray_left; Hipp_CA1_A_left
5,1,4,9,0.035787349877365496,0.009900990099009901,0.009900990099009901,True,0.009900990099009901,True,0.009900990099009901,False,0.04950495049504951,True,Brainstem_left; Cerebellum_left; DLEnt_left; Ect_left; Hipp_Sub_P_left
5,1,5,18,0.12442270891741362,0.009900990099009901,0.009900990099009901,True,0.009900990099009901,True,0.009900990099009901,False,0.04950495049504951,True,Superior_Colliculus_left; Central_Gray_right; Cerebellum_right; DLEnt_right; Ect_right
5,2,1,25,0.12610102415253277,0.009900990099009901,0.009900990099009901,True,0.009900990099009901,True,0.009900990099009901,False,0.04950495049504951,True,Acumbens_left; AIV_left; Cg_left; IL_left; LSeptn_left
5,2,2,23,0.14402136515439584,0.009900990099009901,0.009900990099009901,True,0.009900990099009901,True,0.009900990099009901,False,0.04950495049504951,True,AID_left; AIP_left; DI_left; Fr3_left; GIDI_left
5,2,3,9,0.03156683769679943,0.009900990099009901,0.009900990099009901,True,0.009900990099009901,True,0.009900990099009901,False,0.04950495049504951,True,Amygdala_left; Hypothalamus_left; SaM_left; SaP_left; Thalamus_A_left
5,2,4,27,0.14896674542660573,0.009900990099009901,0.009900990099009901,True,0.009900990099009901,True,0.009900990099009901,False,0.04950495049504951,True,Au1_left; AUD_left; Hipp_CA1_A_left; Hipp_CA2_left; Hipp_CA3_A_left
5,2,5,30,0.17651528376291098,0.009900990099009901,0.009900990099009901,True,0.009900990099009901,True,0.009900990099009901,False,0.04950495049504951,True,AuV_left; Brainstem_left; Cent_Gray_left; Cerebellum_left; DLEnt_left
5,3,1,24,0.1329917765517311,0.009900990099009901,0.009900990099009901,True,0.009900990099009901,True,0.009900990099009901,False,0.0594059405940594,False,Acumbens_left; AIV_left; Cg_left; IL_left; LSeptn_left
5,3,2,16,0.12098361424677288,0.009900990099009901,0.009900990099009901,True,0.009900990099009901,True,0.009900990099009901,False,0.0594059405940594,False,AID_left; DI_left; Fr3_left; GI_left; S1DZ0_left
5,3,3,17,0.07035109933309609,0.009900990099009901,0.009900990099009901,True,0.009900990099009901,True,0.009900990099009901,False,0.0594059405940594,False,AIP_left; Amygdala_left; GIDI_left; Hypothalamus_left; Piriform_left
5,3,4,29,0.1586742240086249,0.009900990099009901,0.009900990099009901,True,0.009900990099009901,True,0.009900990099009901,False,0.0594059405940594,False,Au1_left; AUD_left; AuV_left; Hipp_CA1_A_left; Hipp_CA2_left
5,3,5,16,0.07767806611376409,0.009900990099009901,0.009900990099009901,True,0.009900990099009901,True,0.009900990099009901,False,0.0594059405940594,False,Brainstem_left; Cent_Gray_left; Cerebellum_left; DLEnt_left; Ect_left
5,3,6,12,0.09491399875788914,0.009900990099009901,0.009900990099009901,True,0.009900990099009901,True,0.009900990099009901,False,0.0594059405940594,False,DLEnt_right; Ect_right; Hipp_CA1_A_right; Hipp_CA1_P_right; Hipp_CA2_right
5,4,1,28,0.12542877785464393,0.009900990099009901,0.009900990099009901,True,0.009900990099009901,True,0.009900990099009901,False,0.0594059405940594,False,Acumbens_left; AIP_left; AIV_left; Amygdala_left; GIDI_left
5,4,2,15,0.11246580293576852,0.009900990099009901,0.009900990099009901,True,0.009900990099009901,True,0.009900990099009901,False,0.0594059405940594,False,AID_left; DI_left; Fr3_left; GI_left; S1DZ0_left
5,4,3,26,0.14029736959924366,0.009900990099009901,0.009900990099009901,True,0.009900990099009901,True,0.009900990099009901,False,0.0594059405940594,False,Au1_left; AUD_left; Hipp_CA1_A_left; Hipp_CA2_left; Hipp_CA3_A_left
5,4,4,14,0.10151480305496076,0.009900990099009901,0.009900990099009901,True,0.009900990099009901,True,0.009900990099009901,False,0.0594059405940594,False,AuV_left; DLEnt_right; Ect_right; Hipp_CA1_A_right; Hipp_CA1_P_right
5,4,5,16,0.06994501362033011,0.009900990099009901,0.009900990099009901,True,0.009900990099009901,True,0.009900990099009901,False,0.0594059405940594,False,Brainstem_left; Cent_Gray_left; Cerebellum_left; DLEnt_left; Ect_left
5,4,6,15,0.08365517375421612,0.009900990099009901,0.009900990099009901,True,0.009900990099009901,True,0.009900990099009901,False,0.0594059405940594,False,Cg_left; M1_left; M2_left; PrL_left; S1DZ_left
6,0,1,25,0.1276043262105441,0.009900990099009901,0.009900990099009901,True,0.009900990099009901,True,0.009900990099009901,False,0.04950495049504951,True,Acumbens_left; AIV_left; Cg_left; IL_left; LSeptn_left
6,0,2,32,0.1654406974151981,0.009900990099009901,0.009900990099009901,True,0.009900990099009901,True,0.009900990099009901,False,0.04950495049504951,True,AID_left; AIP_left; Amygdala_left; DI_left; Fr3_left
6,0,3,26,0.14676485536709888,0.009900990099009901,0.009900990099009901,True,0.009900990099009901,True,0.009900990099009901,False,0.04950495049504951,True,Au1_left; AUD_left; Hipp_CA1_A_left; Hipp_CA2_left; Hipp_CA3_A_left
6,0,4,14,0.10271801288963495,0.009900990099009901,0.009900990099009901,True,0.009900990099009901,True,0.009900990099009901,False,0.04950495049504951,True,AuV_left; DLEnt_right; Ect_right; Hipp_CA1_A_right; Hipp_CA1_P_right
6,0,5,17,0.0884398627041896,0.009900990099009901,0.009900990099009901,True,0.009900990099009901,True,0.009900990099009901,False,0.04950495049504951,True,Brainstem_left; Cent_Gray_left; Cerebellum_left; DLEnt_left; Ect_left
6,1,1,28,0.12596403573932102,0.009900990099009901,0.009900990099009901,True,0.009900990099009901,True,0.009900990099009901,False,0.0594059405940594,False,Acumbens_left; AIP_left; AIV_left; Amygdala_left; GIDI_left
6,1,2,15,0.11570031579871683,0.009900990099009901,0.009900990099009901,True,0.009900990099009901,True,0.009900990099009901,False,0.0594059405940594,False,AID_left; DI_left; Fr3_left; GI_left; S1DZ0_left
6,1,3,26,0.1447898948472526,0.009900990099009901,0.009900990099009901,True,0.009900990099009901,True,0.009900990099009901,False,0.0594059405940594,False,Au1_left; AUD_left; AuV_left; Hipp_CA1_A_left; Hipp_CA2_left
6,1,4,16,0.06963564862979214,0.009900990099009901,0.009900990099009901,True,0.009900990099009901,True,0.009900990099009901,False,0.0594059405940594,False,Brainstem_left; Cent_Gray_left; Cerebellum_left; DLEnt_left; Ect_left
6,1,5,16,0.08271187627290785,0.009900990099009901,0.009900990099009901,True,0.009900990099009901,True,0.009900990099009901,False,0.0594059405940594,False,Cg_left; M1_left; M2_left; PrL_left; S1BF_left
6,1,6,13,0.09546482024898807,0.009900990099009901,0.009900990099009901,True,0.009900990099009901,True,0.009900990099009901,False,0.0594059405940594,False,DLEnt_right; Ect_right; Hipp_CA1_A_right; Hipp_CA1_P_right; Hipp_CA2_right
6,2,1,43,0.20386960375664978,0.009900990099009901,0.009900990099009901,True,0.009900990099009901,True,0.009900990099009901,False,0.039603960396039604,True,Acumbens_left; AID_left; AIP_left; AIV_left; Amygdala_left
6,2,2,32,0.16992287698412079,0.009900990099009901,0.009900990099009901,True,0.009900990099009901,True,0.009900990099009901,False,0.039603960396039604,True,Au1_left; AuV_left; Brainstem_left; Cent_Gray_left; Cerebellum_left
6,2,3,24,0.12589912112122775,0.009900990099009901,0.009900990099009901,True,0.009900990099009901,True,0.009900990099009901,False,0.039603960396039604,True,AUD_left; Hipp_CA1_A_left; Hipp_CA2_left; Hipp_CA3_A_left; Hipp_CA3_P_left
6,2,4,15,0.08275566487153735,0.009900990099009901,0.009900990099009901,True,0.009900990099009901,True,0.009900990099009901,False,0.039603960396039604,True,Cg_left; M1_left; M2_left; PrL_left; S1DZ_left
6,3,1,26,0.1119327787062065,0.009900990099009901,0.009900990099009901,True,0.009900990099009901,True,0.009900990099009901,False,0.0594059405940594,False,Acumbens_left; AIP_left; AIV_left; Amygdala_left; GIDI_left
6,3,2,16,0.12210742017979738,0.009900990099009901,0.009900990099009901,True,0.009900990099009901,True,0.009900990099009901,False,0.0594059405940594,False,AID_left; DI_left; Fr3_left; GI_left; S1DZ0_left
6,3,3,27,0.14561756792901,0.009900990099009901,0.009900990099009901,True,0.009900990099009901,True,0.009900990099009901,False,0.0594059405940594,False,Au1_left; AUD_left; AuV_left; Hipp_CA1_A_left; Hipp_CA2_left
6,3,4,9,0.03909566425239005,0.009900990099009901,0.009900990099009901,True,0.009900990099009901,True,0.009900990099009901,False,0.0594059405940594,False,Brainstem_left; Cerebellum_left; DLEnt_left; Ect_left; Hipp_Sub_P_left
6,3,5,20,0.13001848459599494,0.009900990099009901,0.009900990099009901,True,0.009900990099009901,True,0.009900990099009901,False,0.0594059405940594,False,Cent_Gray_left; Inferior_Colliculus_left; Superior_Colliculus_left; Central_Gray_right; Cerebellum_right
6,3,6,16,0.08585616644408885,0.009900990099009901,0.009900990099009901,True,0.009900990099009901,True,0.009900990099009901,False,0.0594059405940594,False,Cg_left; IL_left; M1_left; M2_left; PrL_left
6,4,1,27,0.11771815255338972,0.009900990099009901,0.009900990099009901,True,0.009900990099009901,True,0.009900990099009901,False,0.0594059405940594,False,Acumbens_left; AIP_left; AIV_left; Amygdala_left; GIDI_left
6,4,2,16,0.11459827228757177,0.009900990099009901,0.009900990099009901,True,0.009900990099009901,True,0.009900990099009901,False,0.0594059405940594,False,AID_left; DI_left; Fr3_left; GI_left; S1DZ0_left
6,4,3,26,0.1390527454478112,0.009900990099009901,0.009900990099009901,True,0.009900990099009901,True,0.009900990099009901,False,0.0594059405940594,False,Au1_left; AUD_left; Hipp_CA1_A_left; Hipp_CA2_left; Hipp_CA3_A_left
6,4,4,14,0.1008781838009941,0.009900990099009901,0.009900990099009901,True,0.009900990099009901,True,0.009900990099009901,False,0.0594059405940594,False,AuV_left; DLEnt_right; Ect_right; Hipp_CA1_A_right; Hipp_CA1_P_right
6,4,5,16,0.07090350427110048,0.009900990099009901,0.009900990099009901,True,0.009900990099009901,True,0.009900990099009901,False,0.0594059405940594,False,Brainstem_left; Cent_Gray_left; Cerebellum_left; DLEnt_left; Ect_left
6,4,6,15,0.0846919153404575,0.009900990099009901,0.009900990099009901,True,0.009900990099009901,True,0.009900990099009901,False,0.0594059405940594,False,Cg_left; M1_left; M2_left; PrL_left; S1DZ_left
6,5,1,30,0.12645192198746605,0.009900990099009901,0.009900990099009901,True,0.009900990099009901,True,0.009900990099009901,False,0.0594059405940594,False,Acumbens_left; AIP_left; AIV_left; Amygdala_left; GIDI_left
6,5,2,15,0.10946308819135928,0.009900990099009901,0.009900990099009901,True,0.009900990099009901,True,0.009900990099009901,False,0.0594059405940594,False,AID_left; DI_left; Fr3_left; GI_left; S1DZ0_left
6,5,3,15,0.10522856234834888,0.009900990099009901,0.009900990099009901,True,0.009900990099009901,True,0.009900990099009901,False,0.0594059405940594,False,Au1_left; AuV_left; DLEnt_right; Ect_right; Hipp_CA1_A_right
6,5,4,17,0.0973891493601413,0.009900990099009901,0.009900990099009901,True,0.009900990099009901,True,0.009900990099009901,False,0.0594059405940594,False,AUD_left; Hipp_CA3_A_left; Hipp_FC_left; LPtA_left; MPtA_left
6,5,5,23,0.10149753359186156,0.009900990099009901,0.009900990099009901,True,0.009900990099009901,True,0.009900990099009901,False,0.0594059405940594,False,Brainstem_left; Cent_Gray_left; Cerebellum_left; DLEnt_left; Ect_left
6,5,6,14,0.07687982450946079,0.009900990099009901,0.009900990099009901,True,0.009900990099009901,True,0.009900990099009901,False,0.0594059405940594,False,Cg_left; M1_left; M2_left; S1BF_left; S1DZ_left
7,0,1,29,0.14237896622773638,0.009900990099009901,0.009900990099009901,True,0.009900990099009901,True,0.009900990099009901,False,0.0594059405940594,False,Acumbens_left; AIV_left; Cg_left; IL_left; LSeptn_left
7,0,2,16,0.11751318966949345,0.009900990099009901,0.009900990099009901,True,0.009900990099009901,True,0.009900990099009901,False,0.0594059405940594,False,AID_left; DI_left; Fr3_left; GI_left; S1DZ0_left
7,0,3,13,0.04400022991101297,0.009900990099009901,0.009900990099009901,True,0.009900990099009901,True,0.009900990099009901,False,0.0594059405940594,False,AIP_left; Amygdala_left; GIDI_left; Hypothalamus_left; SaP_left
7,0,4,25,0.10664494545733272,0.009900990099009901,0.009900990099009901,True,0.009900990099009901,True,0.009900990099009901,False,0.0594059405940594,False,Au1_left; AuV_left; Brainstem_left; Cent_Gray_left; Cerebellum_left
7,0,5,19,0.1089430073230834,0.009900990099009901,0.009900990099009901,True,0.009900990099009901,True,0.009900990099009901,False,0.0594059405940594,False,AUD_left; Hipp_CA3_A_left; Hipp_FC_left; LPtA_left; MPtA_left
7,0,6,12,0.09397301179550917,0.009900990099009901,0.009900990099009901,True,0.009900990099009901,True,0.009900990099009901,False,0.0594059405940594,False,DLEnt_right; Ect_right; Hipp_CA1_A_right; Hipp_CA1_P_right; Hipp_CA2_right
7,1,1,13,0.055549676368572096,0.009900990099009901,0.009900990099009901,True,0.009900990099009901,True,0.009900990099009901,False,0.0594059405940594,False,Acumbens_left; AIV_left; IL_left; LSeptn_left; Piriform_left
7,1,2,30,0.151166116202611,0.009900990099009901,0.009900990099009901,True,0.009900990099009901,True,0.009900990099009901,False,0.0594059405940594,False,AID_left; AIP_left; Amygdala_left; DI_left; Fr3_left
7,1,3,22,0.13654270675493566,0.009900990099009901,0.009900990099009901,True,0.009900990099009901,True,0.009900990099009901,False,0.0594059405940594,False,Au1_left; AuV_left; Cent_Gray_left; RSGb_left; Superior_Colliculus_left
7,1,4,24,0.11781492647792319,0.009900990099009901,0.009900990099009901,True,0.009900990099009901,True,0.009900990099009901,False,0.0594059405940594,False,AUD_left; Hipp_CA1_A_left; Hipp_CA2_left; Hipp_CA3_A_left; Hipp_CA3_P_left
7,1,5,10,0.034479785595956394,0.009900990099009901,0.009900990099009901,True,0.009900990099009901,True,0.009900990099009901,False,0.0594059405940594,False,Brainstem_left; Cerebellum_left; DLEnt_left; Ect_left; Hipp_Sub_P_left
7,1,6,15,0.07797878978978783,0.009900990099009901,0.009900990099009901,True,0.009900990099009901,True,0.009900990099009901,False,0.0594059405940594,False,Cg_left; M1_left; M2_left; PrL_left; S1DZ_left
7,2,1,28,0.1204729323602689,0.009900990099009901,0.009900990099009901,True,0.009900990099009901,True,0.009900990099009901,False,0.0594059405940594,False,Acumbens_left; AIP_left; AIV_left; Amygdala_left; GIDI_left
7,2,2,16,0.12091845791666052,0.009900990099009901,0.009900990099009901,True,0.009900990099009901,True,0.009900990099009901,False,0.0594059405940594,False,AID_left; DI_left; Fr3_left; GI_left; S1DZ0_left
7,2,3,28,0.15250823640713876,0.009900990099009901,0.009900990099009901,True,0.009900990099009901,True,0.009900990099009901,False,0.0594059405940594,False,Au1_left; AUD_left; AuV_left; Cent_Gray_left; Hipp_CA1_A_left
7,2,4,9,0.038149789688718155,0.009900990099009901,0.009900990099009901,True,0.009900990099009901,True,0.009900990099009901,False,0.0594059405940594,False,Brainstem_left; Cerebellum_left; DLEnt_left; Ect_left; Hipp_Sub_P_left
7,2,5,15,0.08235186740416907,0.009900990099009901,0.009900990099009901,True,0.009900990099009901,True,0.009900990099009901,False,0.0594059405940594,False,Cg_left; M1_left; M2_left; PrL_left; S1FL_left
7,2,6,18,0.12275951861263305,0.009900990099009901,0.009900990099009901,True,0.009900990099009901,True,0.009900990099009901,False,0.0594059405940594,False,Superior_Colliculus_left; Central_Gray_right; Cerebellum_right; DLEnt_right; Ect_right
7,3,1,32,0.152194552636074,0.009900990099009901,0.009900990099009901,True,0.009900990099009901,True,0.009900990099009901,False,0.06930693069306931,False,Acumbens_left; AID_left; AIP_left; AIV_left; Amygdala_left
7,3,2,10,0.050669651922732595,0.009900990099009901,0.009900990099009901,True,0.009900990099009901,True,0.009900990099009901,False,0.06930693069306931,False,Au1_left; AUD_left; AuV_left; Hipp_CA1_A_left; Hipp_CA2_left
7,3,3,15,0.06998568043670342,0.009900990099009901,0.009900990099009901,True,0.009900990099009901,True,0.009900990099009901,False,0.06930693069306931,False,Brainstem_left; Cent_Gray_left; Cerebellum_left; DLEnt_left; Ect_left
7,3,4,12,0.06769403421150433,0.009900990099009901,0.009900990099009901,True,0.009900990099009901,True,0.009900990099009901,False,0.06930693069306931,False,Cg_left; M1_left; M2_left; S1FL_left; S1HL_left
7,3,5,14,0.10431252214566177,0.009900990099009901,0.009900990099009901,True,0.009900990099009901,True,0.009900990099009901,False,0.06930693069306931,False,Fr3_left; GI_left; S1DZ0_left; S1DZ_left; S1J_left
7,3,6,18,0.09974019963618927,0.009900990099009901,0.009900990099009901,True,0.009900990099009901,True,0.009900990099009901,False,0.06930693069306931,False,Hipp_CA3_A_left; Hipp_FC_left; LPtA_left; MPtA_left; PtPD_left
7,3,7,13,0.09806714899659877,0.009900990099009901,0.009900990099009901,True,0.009900990099009901,True,0.009900990099009901,False,0.06930693069306931,False,DLEnt_right; Ect_right; Hipp_CA1_A_right; Hipp_CA1_P_right; Hipp_CA2_right
7,4,1,30,0.1459163589671535,0.009900990099009901,0.009900990099009901,True,0.009900990099009901,True,0.009900990099009901,False,0.0594059405940594,False,Acumbens_left; AIP_left; AIV_left; Amygdala_left; GIDI_left
7,4,2,16,0.12106561179453618,0.009900990099009901,0.009900990099009901,True,0.009900990099009901,True,0.009900990099009901,False,0.0594059405940594,False,AID_left; DI_left; Fr3_left; GI_left; S1DZ0_left
7,4,3,28,0.15032138736110964,0.009900990099009901,0.009900990099009901,True,0.009900990099009901,True,0.009900990099009901,False,0.0594059405940594,False,Au1_left; AUD_left; AuV_left; Hipp_CA1_A_left; Hipp_CA2_left
7,4,4,16,0.0819696997810232,0.009900990099009901,0.009900990099009901,True,0.009900990099009901,True,0.009900990099009901,False,0.0594059405940594,False,Brainstem_left; Cent_Gray_left; Cerebellum_left; DLEnt_left; Ect_left
7,4,5,11,0.05983741997752545,0.009900990099009901,0.009900990099009901,True,0.009900990099009901,True,0.009900990099009901,False,0.0594059405940594,False,Cg_left; M1_left; M2_left; S1FL_left; Cg_right
7,4,6,13,0.0996235378548214,0.009900990099009901,0.009900990099009901,True,0.009900990099009901,True,0.009900990099009901,False,0.0594059405940594,False,DLEnt_right; Ect_right; Hipp_CA1_A_right; Hipp_CA1_P_right; Hipp_CA2_right
7,5,1,16,0.0882180792299913,0.009900990099009901,0.009900990099009901,True,0.009900990099009901,True,0.009900990099009901,False,0.06930693069306931,False,Acumbens_left; AIV_left; IL_left; LSeptn_left; Piriform_left
7,5,2,20,0.12946874837401268,0.009900990099009901,0.009900990099009901,True,0.009900990099009901,True,0.009900990099009901,False,0.06930693069306931,False,AID_left; AIP_left; DI_left; Fr3_left; GIDI_left
7,5,3,9,0.029476470011266766,0.009900990099009901,0.009900990099009901,True,0.009900990099009901,True,0.009900990099009901,False,0.06930693069306931,False,Amygdala_left; Hypothalamus_left; SaM_left; SaP_left; Thalamus_A_left
7,5,4,27,0.14052817925967936,0.009900990099009901,0.009900990099009901,True,0.009900990099009901,True,0.009900990099009901,False,0.06930693069306931,False,Au1_left; AUD_left; Hipp_CA1_A_left; Hipp_CA2_left; Hipp_CA3_A_left
7,5,5,16,0.10972790921185764,0.009900990099009901,0.009900990099009901,True,0.009900990099009901,True,0.009900990099009901,False,0.06930693069306931,False,AuV_left; Cerebellum_right; DLEnt_right; Ect_right; Hipp_CA1_A_right
7,5,6,14,0.06104765773907443,0.009900990099009901,0.009900990099009901,True,0.009900990099009901,True,0.009900990099009901,False,0.06930693069306931,False,Brainstem_left; Cent_Gray_left; Cerebellum_left; DLEnt_left; Ect_left
7,5,7,12,0.05696920215853662,0.009900990099009901,0.009900990099009901,True,0.009900990099009901,True,0.009900990099009901,False,0.06930693069306931,False,Cg_left; M1_left; M2_left; S1DZ_left; S1FL_left
7,6,1,25,0.127347125875845,0.009900990099009901,0.009900990099009901,True,0.009900990099009901,True,0.009900990099009901,False,0.0594059405940594,False,Acumbens_left; AIV_left; Cg_left; IL_left; LSeptn_left
7,6,2,24,0.15055709901444783,0.009900990099009901,0.009900990099009901,True,0.009900990099009901,True,0.009900990099009901,False,0.0594059405940594,False,AID_left; AIP_left; Amygdala_left; DI_left; Fr3_left
7,6,3,27,0.15489235075091298,0.009900990099009901,0.009900990099009901,True,0.009900990099009901,True,0.009900990099009901,False,0.0594059405940594,False,Au1_left; AUD_left; Hipp_CA1_A_left; Hipp_CA2_left; Hipp_CA3_A_left
7,6,4,21,0.14030265153001176,0.009900990099009901,0.009900990099009901,True,0.009900990099009901,True,0.009900990099009901,False,0.0594059405940594,False,AuV_left; Cent_Gray_left; RSGb_left; Superior_Colliculus_left; Central_Gray_right
7,6,5,9,0.043707029620126694,0.009900990099009901,0.009900990099009901,True,0.009900990099009901,True,0.009900990099009901,False,0.0594059405940594,False,Brainstem_left; Cerebellum_left; DLEnt_left; Ect_left; Hipp_Sub_P_left
7,6,6,8,0.02686584776455088,0.009900990099009901,0.009900990099009901,True,0.009900990099009901,True,0.009900990099009901,False,0.0594059405940594,False,Hypothalamus_left; SaM_left; SaP_left; Thalamus_A_left; Thalamus_P_left
8,0,1,22,0.0793346319952406,0.009900990099009901,0.009900990099009901,True,0.009900990099009901,True,0.009900990099009901,False,0.0594059405940594,False,Acumbens_left; AIV_left; Amygdala_left; GIDI_left; Hypothalamus_left
8,0,2,21,0.13747215782707572,0.009900990099009901,0.009900990099009901,True,0.009900990099009901,True,0.009900990099009901,False,0.0594059405940594,False,AID_left; AIP_left; DI_left; Fr3_left; GI_left
8,0,3,15,0.10863651263564376,0.009900990099009901,0.009900990099009901,True,0.009900990099009901,True,0.009900990099009901,False,0.0594059405940594,False,Au1_left; AuV_left; DLEnt_right; Ect_right; Hipp_CA1_A_right
8,0,4,25,0.1266181903450585,0.009900990099009901,0.009900990099009901,True,0.009900990099009901,True,0.009900990099009901,False,0.0594059405940594,False,AUD_left; Hipp_CA1_A_left; Hipp_CA2_left; Hipp_CA3_A_left; Hipp_CA3_P_left
8,0,5,16,0.07162564688370283,0.009900990099009901,0.009900990099009901,True,0.009900990099009901,True,0.009900990099009901,False,0.0594059405940594,False,Brainstem_left; Cent_Gray_left; Cerebellum_left; DLEnt_left; Ect_left
8,0,6,15,0.08615737470926549,0.009900990099009901,0.009900990099009901,True,0.009900990099009901,True,0.009900990099009901,False,0.0594059405940594,False,Cg_left; M1_left; M2_left; PrL_left; S1DZ_left
8,1,1,30,0.14138422812128848,0.009900990099009901,0.009900990099009901,True,0.009900990099009901,True,0.009900990099009901,False,0.0594059405940594,False,Acumbens_left; AIP_left; AIV_left; Amygdala_left; GIDI_left
8,1,2,16,0.11869114455890219,0.009900990099009901,0.009900990099009901,True,0.009900990099009901,True,0.009900990099009901,False,0.0594059405940594,False,AID_left; DI_left; Fr3_left; GI_left; S1DZ0_left
8,1,3,26,0.11717803909910894,0.009900990099009901,0.009900990099009901,True,0.009900990099009901,True,0.009900990099009901,False,0.0594059405940594,False,Au1_left; AuV_left; Brainstem_left; Cent_Gray_left; Cerebellum_left
8,1,4,19,0.12267886532371046,0.009900990099009901,0.009900990099009901,True,0.009900990099009901,True,0.009900990099009901,False,0.0594059405940594,False,AUD_left; Hipp_CA3_A_left; Hipp_FC_left; LPtA_left; MPtA_left
8,1,5,11,0.06458463209756932,0.009900990099009901,0.009900990099009901,True,0.009900990099009901,True,0.009900990099009901,False,0.0594059405940594,False,Cg_left; M1_left; M2_left; S1FL_left; Cg_right
8,1,6,12,0.09593040234795117,0.009900990099009901,0.009900990099009901,True,0.009900990099009901,True,0.009900990099009901,False,0.0594059405940594,False,DLEnt_right; Ect_right; Hipp_CA1_A_right; Hipp_CA1_P_right; Hipp_CA2_right
8,2,1,12,0.05654893931397548,0.009900990099009901,0.009900990099009901,True,0.009900990099009901,True,0.009900990099009901,False,0.0594059405940594,False,Acumbens_left; AIV_left; IL_left; LSeptn_left; Piriform_left
8,2,2,30,0.1556972301658201,0.009900990099009901,0.009900990099009901,True,0.009900990099009901,True,0.009900990099009901,False,0.0594059405940594,False,AID_left; AIP_left; Amygdala_left; DI_left; Fr3_left
8,2,3,25,0.12652109131138783,0.009900990099009901,0.009900990099009901,True,0.009900990099009901,True,0.009900990099009901,False,0.0594059405940594,False,Au1_left; AUD_left; Hipp_CA1_A_left; Hipp_CA2_left; Hipp_CA3_A_left
8,2,4,22,0.13450244649201018,0.009900990099009901,0.009900990099009901,True,0.009900990099009901,True,0.009900990099009901,False,0.0594059405940594,False,AuV_left; Cerebellum_left; RSGb_left; Superior_Colliculus_left; Central_Gray_right
8,2,5,10,0.03692816128699281,0.009900990099009901,0.009900990099009901,True,0.009900990099009901,True,0.009900990099009901,False,0.0594059405940594,False,Brainstem_left; Cent_Gray_left; DLEnt_left; Ect_left; Hipp_Sub_P_left
8,2,6,15,0.07226579664574223,0.009900990099009901,0.009900990099009901,True,0.009900990099009901,True,0.009900990099009901,False,0.0594059405940594,False,Cg_left; M1_left; M2_left; PrL_left; S1DZ_left
8,3,1,30,0.13888212538727984,0.009900990099009901,0.009900990099009901,True,0.009900990099009901,True,0.009900990099009901,False,0.0594059405940594,False,Acumbens_left; AIP_left; AIV_left; Amygdala_left; GIDI_left
8,3,2,16,0.12294836037424038,0.009900990099009901,0.009900990099009901,True,0.009900990099009901,True,0.009900990099009901,False,0.0594059405940594,False,AID_left; DI_left; Fr3_left; GI_left; S1DZ0_left
8,3,3,26,0.14499690168402224,0.009900990099009901,0.009900990099009901,True,0.009900990099009901,True,0.009900990099009901,False,0.0594059405940594,False,Au1_left; AUD_left; AuV_left; Hipp_CA1_A_left; Hipp_CA2_left
8,3,4,16,0.0707838655088164,0.009900990099009901,0.009900990099009901,True,0.009900990099009901,True,0.009900990099009901,False,0.0594059405940594,False,Brainstem_left; Cent_Gray_left; Cerebellum_left; DLEnt_left; Ect_left
8,3,5,13,0.06080187383064449,0.009900990099009901,0.009900990099009901,True,0.009900990099009901,True,0.009900990099009901,False,0.0594059405940594,False,Cg_left; M1_left; M2_left; S1BF_left; S1FL_left
8,3,6,13,0.09758328141219931,0.009900990099009901,0.009900990099009901,True,0.009900990099009901,True,0.009900990099009901,False,0.0594059405940594,False,DLEnt_right; Ect_right; Hipp_CA1_A_right; Hipp_CA1_P_right; Hipp_CA2_right
8,4,1,26,0.12842094710849938,0.009900990099009901,0.009900990099009901,True,0.009900990099009901,True,0.009900990099009901,False,0.0594059405940594,False,Acumbens_left; AIV_left; Cg_left; IL_left; LSeptn_left
8,4,2,22,0.14395056437753065,0.009900990099009901,0.009900990099009901,True,0.009900990099009901,True,0.009900990099009901,False,0.0594059405940594,False,AID_left; AIP_left; DI_left; Fr3_left; GIDI_left
8,4,3,9,0.03185126844429629,0.009900990099009901,0.009900990099009901,True,0.009900990099009901,True,0.009900990099009901,False,0.0594059405940594,False,Amygdala_left; Hypothalamus_left; SaM_left; SaP_left; Thalamus_A_left
8,4,4,27,0.15576054671340822,0.009900990099009901,0.009900990099009901,True,0.009900990099009901,True,0.009900990099009901,False,0.0594059405940594,False,Au1_left; AUD_left; Hipp_CA1_A_left; Hipp_CA2_left; Hipp_CA3_A_left
8,4,5,15,0.10643454624590838,0.009900990099009901,0.009900990099009901,True,0.009900990099009901,True,0.009900990099009901,False,0.0594059405940594,False,AuV_left; RSGb_left; DLEnt_right; Ect_right; Hipp_CA1_A_right
8,4,6,15,0.07912852716246296,0.009900990099009901,0.009900990099009901,True,0.009900990099009901,True,0.009900990099009901,False,0.0594059405940594,False,Brainstem_left; Cent_Gray_left; Cerebellum_left; DLEnt_left; Ect_left
8,5,1,30,0.14023469051853832,0.009900990099009901,0.009900990099009901,True,0.009900990099009901,True,0.009900990099009901,False,0.0594059405940594,False,Acumbens_left; AIP_left; AIV_left; Amygdala_left; GIDI_left
8,5,2,15,0.11277824850081637,0.009900990099009901,0.009900990099009901,True,0.009900990099009901,True,0.009900990099009901,False,0.0594059405940594,False,AID_left; DI_left; Fr3_left; GI_left; S1DZ0_left
8,5,3,27,0.136270967215608,0.009900990099009901,0.009900990099009901,True,0.009900990099009901,True,0.009900990099009901,False,0.0594059405940594,False,Au1_left; AUD_left; AuV_left; Hipp_CA1_A_left; Hipp_CA2_left
8,5,4,16,0.07261253534582586,0.009900990099009901,0.009900990099009901,True,0.009900990099009901,True,0.009900990099009901,False,0.0594059405940594,False,Brainstem_left; Cent_Gray_left; Cerebellum_left; DLEnt_left; Ect_left
8,5,5,14,0.07499852715060222,0.009900990099009901,0.009900990099009901,True,0.009900990099009901,True,0.009900990099009901,False,0.0594059405940594,False,Cg_left; M1_left; M2_left; S1BF_left; S1DZ_left
8,5,6,12,0.08991870058802168,0.009900990099009901,0.009900990099009901,True,0.009900990099009901,True,0.009900990099009901,False,0.0594059405940594,False,DLEnt_right; Ect_right; Hipp_CA1_A_right; Hipp_CA1_P_right; Hipp_CA2_right
8,6,1,24,0.13369568951243718,0.009900990099009901,0.009900990099009901,True,0.009900990099009901,True,0.009900990099009901,False,0.0594059405940594,False,Acumbens_left; AIV_left; Cg_left; IL_left; LSeptn_left
8,6,2,25,0.15903046701840085,0.009900990099009901,0.009900990099009901,True,0.009900990099009901,True,0.009900990099009901,False,0.0594059405940594,False,AID_left; AIP_left; Amygdala_left; DI_left; Fr3_left
8,6,3,23,0.10582667479078241,0.009900990099009901,0.009900990099009901,True,0.009900990099009901,True,0.009900990099009901,False,0.0594059405940594,False,Au1_left; Brainstem_left; Cent_Gray_left; Cerebellum_left; DLEnt_left
8,6,4,20,0.12584349402032222,0.009900990099009901,0.009900990099009901,True,0.009900990099009901,True,0.009900990099009901,False,0.0594059405940594,False,AUD_left; Hipp_CA3_A_left; Hipp_FC_left; LPtA_left; MPtA_left
8,6,5,14,0.10485318163779155,0.009900990099009901,0.009900990099009901,True,0.009900990099009901,True,0.009900990099009901,False,0.0594059405940594,False,AuV_left; DLEnt_right; Ect_right; Hipp_CA1_A_right; Hipp_CA1_P_right
8,6,6,8,0.028602757349760186,0.009900990099009901,0.009900990099009901,True,0.009900990099009901,True,0.009900990099009901,False,0.0594059405940594,False,Hypothalamus_left; SaM_left; SaP_left; Thalamus_A_left; Thalamus_P_left
8,7,1,28,0.12278298695867715,0.009900990099009901,0.009900990099009901,True,0.009900990099009901,True,0.009900990099009901,False,0.0594059405940594,False,Acumbens_left; AIP_left; AIV_left; Amygdala_left; GIDI_left
8,7,2,15,0.11094645443164226,0.009900990099009901,0.009900990099009901,True,0.009900990099009901,True,0.009900990099009901,False,0.0594059405940594,False,AID_left; DI_left; Fr3_left; GI_left; S1DZ0_left
8,7,3,27,0.1411813453785901,0.009900990099009901,0.009900990099009901,True,0.009900990099009901,True,0.009900990099009901,False,0.0594059405940594,False,Au1_left; AUD_left; Hipp_CA1_A_left; Hipp_CA2_left; Hipp_CA3_A_left
8,7,4,20,0.130918421682039,0.009900990099009901,0.009900990099009901,True,0.009900990099009901,True,0.009900990099009901,False,0.0594059405940594,False,AuV_left; Cent_Gray_left; Superior_Colliculus_left; Central_Gray_right; Cerebellum_right
8,7,5,10,0.041430725219769524,0.009900990099009901,0.009900990099009901,True,0.009900990099009901,True,0.009900990099009901,False,0.0594059405940594,False,Brainstem_left; Cerebellum_left; DLEnt_left; Ect_left; Hipp_Sub_P_left
8,7,6,14,0.0808325638484792,0.009900990099009901,0.009900990099009901,True,0.009900990099009901,True,0.009900990099009901,False,0.0594059405940594,False,Cg_left; M1_left; M2_left; PrL_left; S1DZ_left
9,0,1,23,0.0998554611499001,0.009900990099009901,0.009900990099009901,True,0.009900990099009901,True,0.009900990099009901,False,0.0594059405940594,False,Acumbens_left; AIV_left; Amygdala_left; Hypothalamus_left; IL_left
9,0,2,21,0.1317987685768694,0.009900990099009901,0.009900990099009901,True,0.009900990099009901,True,0.009900990099009901,False,0.0594059405940594,False,AID_left; AIP_left; DI_left; Fr3_left; GIDI_left
9,0,3,26,0.13950527975235386,0.009900990099009901,0.009900990099009901,True,0.009900990099009901,True,0.009900990099009901,False,0.0594059405940594,False,Au1_left; AUD_left; Hipp_CA1_A_left; Hipp_CA2_left; Hipp_CA3_A_left
9,0,4,19,0.12317413357228739,0.009900990099009901,0.009900990099009901,True,0.009900990099009901,True,0.009900990099009901,False,0.0594059405940594,False,AuV_left; Cerebellum_left; RSGb_left; Cerebellum_right; DLEnt_right
9,0,5,13,0.05815207896951223,0.009900990099009901,0.009900990099009901,True,0.009900990099009901,True,0.009900990099009901,False,0.0594059405940594,False,Brainstem_left; Cent_Gray_left; DLEnt_left; Ect_left; Hipp_dentegyrus_P_left
9,0,6,12,0.05762144168931791,0.009900990099009901,0.009900990099009901,True,0.009900990099009901,True,0.009900990099009901,False,0.0594059405940594,False,Cg_left; M1_left; M2_left; S1DZ_left; S1FL_left
9,1,1,28,0.12303734339326916,0.009900990099009901,0.009900990099009901,True,0.009900990099009901,True,0.009900990099009901,False,0.0594059405940594,False,Acumbens_left; AIP_left; AIV_left; Amygdala_left; GIDI_left
9,1,2,15,0.11191197605838131,0.009900990099009901,0.009900990099009901,True,0.009900990099009901,True,0.009900990099009901,False,0.0594059405940594,False,AID_left; DI_left; Fr3_left; GI_left; S1DZ0_left
9,1,3,26,0.1386380278664501,0.009900990099009901,0.009900990099009901,True,0.009900990099009901,True,0.009900990099009901,False,0.0594059405940594,False,Au1_left; AUD_left; Hipp_CA1_A_left; Hipp_CA2_left; Hipp_CA3_A_left
9,1,4,14,0.0993050772736152,0.009900990099009901,0.009900990099009901,True,0.009900990099009901,True,0.009900990099009901,False,0.0594059405940594,False,AuV_left; DLEnt_right; Ect_right; Hipp_CA1_A_right; Hipp_CA1_P_right
9,1,5,16,0.06999281462662586,0.009900990099009901,0.009900990099009901,True,0.009900990099009901,True,0.009900990099009901,False,0.0594059405940594,False,Brainstem_left; Cent_Gray_left; Cerebellum_left; DLEnt_left; Ect_left
9,1,6,15,0.08871144082851924,0.009900990099009901,0.009900990099009901,True,0.009900990099009901,True,0.009900990099009901,False,0.0594059405940594,False,Cg_left; M1_left; M2_left; PrL_left; S1DZ_left
9,2,1,25,0.12984273310254965,0.009900990099009901,0.009900990099009901,True,0.009900990099009901,True,0.009900990099009901,False,0.04950495049504951,True,Acumbens_left; Cg_left; IL_left; LSeptn_left; M1_left
9,2,2,34,0.17824717968402073,0.009900990099009901,0.009900990099009901,True,0.009900990099009901,True,0.009900990099009901,False,0.04950495049504951,True,AID_left; AIP_left; AIV_left; Amygdala_left; DI_left
9,2,3,27,0.15041014860180396,0.009900990099009901,0.009900990099009901,True,0.009900990099009901,True,0.009900990099009901,False,0.04950495049504951,True,Au1_left; AUD_left; AuV_left; Hipp_CA1_A_left; Hipp_CA2_left
9,2,4,16,0.06780490240557413,0.009900990099009901,0.009900990099009901,True,0.009900990099009901,True,0.009900990099009901,False,0.04950495049504951,True,Brainstem_left; Cent_Gray_left; Cerebellum_left; DLEnt_left; Ect_left
9,2,5,12,0.09331256167640194,0.009900990099009901,0.009900990099009901,True,0.009900990099009901,True,0.009900990099009901,False,0.04950495049504951,True,DLEnt_right; Ect_right; Hipp_CA1_A_right; Hipp_CA1_P_right; Hipp_CA2_right
9,3,1,31,0.14167910838309794,0.009900990099009901,0.009900990099009901,True,0.009900990099009901,True,0.009900990099009901,False,0.0594059405940594,False,Acumbens_left; AIP_left; AIV_left; Amygdala_left; Cg_left
9,3,2,18,0.13055572251102945,0.009900990099009901,0.009900990099009901,True,0.009900990099009901,True,0.009900990099009901,False,0.0594059405940594,False,AID_left; DI_left; Fr3_left; GI_left; M1_left
9,3,3,27,0.1540545367477065,0.009900990099009901,0.009900990099009901,True,0.009900990099009901,True,0.009900990099009901,False,0.0594059405940594,False,Au1_left; AUD_left; Hipp_CA1_A_left; Hipp_CA2_left; Hipp_CA3_A_left
9,3,4,14,0.10282103208694701,0.009900990099009901,0.009900990099009901,True,0.009900990099009901,True,0.009900990099009901,False,0.0594059405940594,False,AuV_left; DLEnt_right; Ect_right; Hipp_CA1_A_right; Hipp_CA1_P_right
9,3,5,16,0.08654617717780416,0.009900990099009901,0.009900990099009901,True,0.009900990099009901,True,0.009900990099009901,False,0.0594059405940594,False,Brainstem_left; Cent_Gray_left; Cerebellum_left; DLEnt_left; Ect_left
9,3,6,8,0.025979476985198566,0.009900990099009901,0.009900990099009901,True,0.009900990099009901,True,0.009900990099009901,False,0.0594059405940594,False,Hypothalamus_left; SaM_left; SaP_left; Thalamus_A_left; Thalamus_P_left
9,4,1,28,0.11040742110754294,0.009900990099009901,0.009900990099009901,True,0.009900990099009901,True,0.009900990099009901,False,0.04950495049504951,True,Acumbens_left; AIP_left; AIV_left; Amygdala_left; GIDI_left
9,4,2,15,0.11012540800113677,0.009900990099009901,0.009900990099009901,True,0.009900990099009901,True,0.009900990099009901,False,0.04950495049504951,True,AID_left; DI_left; Fr3_left; GI_left; S1DZ0_left
9,4,3,26,0.13693188440163262,0.009900990099009901,0.009900990099009901,True,0.009900990099009901,True,0.009900990099009901,False,0.04950495049504951,True,Au1_left; AUD_left; Hipp_CA1_A_left; Hipp_CA2_left; Hipp_CA3_A_left
9,4,4,30,0.16165635480619964,0.009900990099009901,0.009900990099009901,True,0.009900990099009901,True,0.009900990099009901,False,0.04950495049504951,True,AuV_left; Brainstem_left; Cent_Gray_left; Cerebellum_left; DLEnt_left
9,4,5,15,0.08722272455159628,0.009900990099009901,0.009900990099009901,True,0.009900990099009901,True,0.009900990099009901,False,0.04950495049504951,True,Cg_left; M1_left; M2_left; PrL_left; S1DZ_left
9,5,1,13,0.0584163891992729,0.009900990099009901,0.009900990099009901,True,0.009900990099009901,True,0.009900990099009901,False,0.06930693069306931,False,Acumbens_left; AIV_left; IL_left; LSeptn_left; Piriform_left
9,5,2,21,0.13723843993871795,0.009900990099009901,0.009900990099009901,True,0.009900990099009901,True,0.009900990099009901,False,0.06930693069306931,False,AID_left; AIP_left; DI_left; Fr3_left; GI_left
9,5,3,9,0.023194859600580882,0.009900990099009901,0.009900990099009901,True,0.009900990099009901,True,0.009900990099009901,False,0.06930693069306931,False,Amygdala_left; GIDI_left; Hypothalamus_left; SaP_left; Thalamus_A_left
9,5,4,17,0.11245424018189232,0.009900990099009901,0.009900990099009901,True,0.009900990099009901,True,0.009900990099009901,False,0.06930693069306931,False,Au1_left; AuV_left; Cerebellum_right; DLEnt_right; Ect_right
9,5,5,24,0.11859397432624853,0.009900990099009901,0.009900990099009901,True,0.009900990099009901,True,0.009900990099009901,False,0.06930693069306931,False,AUD_left; Hipp_CA1_A_left; Hipp_CA2_left; Hipp_CA3_A_left; Hipp_CA3_P_left
9,5,6,15,0.060671983872577405,0.009900990099009901,0.009900990099009901,True,0.009900990099009901,True,0.009900990099009901,False,0.06930693069306931,False,Brainstem_left; Cent_Gray_left; Cerebellum_left; DLEnt_left; Ect_left
9,5,7,15,0.0777217460130446,0.009900990099009901,0.009900990099009901,True,0.009900990099009901,True,0.009900990099009901,False,0.06930693069306931,False,Cg_left; M1_left; M2_left; PrL_left; S1DZ_left
9,6,1,25,0.11361419242655994,0.009900990099009901,0.009900990099009901,True,0.009900990099009901,True,0.009900990099009901,False,0.0594059405940594,False,Acumbens_left; AIP_left; AIV_left; Amygdala_left; GIDI_left
9,6,2,18,0.12585349238791207,0.009900990099009901,0.009900990099009901,True,0.009900990099009901,True,0.009900990099009901,False,0.0594059405940594,False,AID_left; DI_left; Fr3_left; GI_left; S1BF_left
9,6,3,26,0.15047361084003827,0.009900990099009901,0.009900990099009901,True,0.009900990099009901,True,0.009900990099009901,False,0.0594059405940594,False,Au1_left; AUD_left; AuV_left; Hipp_CA1_A_left; Hipp_CA2_left
9,6,4,9,0.0437093036480886,0.009900990099009901,0.009900990099009901,True,0.009900990099009901,True,0.009900990099009901,False,0.0594059405940594,False,Brainstem_left; Cerebellum_left; DLEnt_left; Ect_left; Hipp_Sub_P_left
9,6,5,20,0.13179915859201288,0.009900990099009901,0.009900990099009901,True,0.009900990099009901,True,0.009900990099009901,False,0.0594059405940594,False,Cent_Gray_left; Inferior_Colliculus_left; Superior_Colliculus_left; Central_Gray_right; Cerebellum_right
9,6,6,16,0.08455280472717838,0.009900990099009901,0.009900990099009901,True,0.009900990099009901,True,0.009900990099009901,False,0.0594059405940594,False,Cg_left; IL_left; M1_left; M2_left; PrL_left
9,7,1,30,0.1465840040951229,0.009900990099009901,0.009900990099009901,True,0.009900990099009901,True,0.009900990099009901,False,0.0594059405940594,False,Acumbens_left; AIP_left; AIV_left; Amygdala_left; GIDI_left
9,7,2,17,0.12299170838297786,0.009900990099009901,0.009900990099009901,True,0.009900990099009901,True,0.009900990099009901,False,0.0594059405940594,False,AID_left; DI_left; Fr3_left; GI_left; S1DZ0_left
9,7,3,24,0.13577961390859528,0.009900990099009901,0.009900990099009901,True,0.009900990099009901,True,0.009900990099009901,False,0.0594059405940594,False,Au1_left; AUD_left; AuV_left; Hipp_CA1_A_left; Hipp_CA2_left
9,7,4,17,0.0820554088128491,0.009900990099009901,0.009900990099009901,True,0.009900990099009901,True,0.009900990099009901,False,0.0594059405940594,False,Brainstem_left; Cent_Gray_left; Cerebellum_left; DLEnt_left; Ect_left
9,7,5,10,0.05254687859599151,0.009900990099009901,0.009900990099009901,True,0.009900990099009901,True,0.009900990099009901,False,0.0594059405940594,False,Cg_left; M1_left; M2_left; Cg_right; M1_right
9,7,6,16,0.1141021043654045,0.009900990099009901,0.009900990099009901,True,0.009900990099009901,True,0.009900990099009901,False,0.0594059405940594,False,V1B_left; V1_left; V2L_left; DLEnt_right; Ect_right
9,8,1,18,0.11426695968189113,0.009900990099009901,0.009900990099009901,True,0.009900990099009901,True,0.009900990099009901,False,0.06930693069306931,False,Acumbens_left; AIV_left; Cg_left; IL_left; LSeptn_left
9,8,2,24,0.1539116272045811,0.009900990099009901,0.009900990099009901,True,0.009900990099009901,True,0.009900990099009901,False,0.06930693069306931,False,AID_left; AIP_left; Amygdala_left; DI_left; Fr3_left
9,8,3,25,0.12968860708828694,0.009900990099009901,0.009900990099009901,True,0.009900990099009901,True,0.009900990099009901,False,0.06930693069306931,False,Au1_left; AuV_left; Brainstem_left; Cent_Gray_left; Cerebellum_left
9,8,4,18,0.11104609110169877,0.009900990099009901,0.009900990099009901,True,0.009900990099009901,True,0.009900990099009901,False,0.06930693069306931,False,AUD_left; Hipp_CA3_A_left; Hipp_FC_left; LPtA_left; MPtA_left
9,8,5,9,0.031434963548506493,0.009900990099009901,0.009900990099009901,True,0.009900990099009901,True,0.009900990099009901,False,0.06930693069306931,False,Hypothalamus_left; SaM_left; SaP_left; Thalamus_A_left; Thalamus_P_left
9,8,6,8,0.03416141043196016,0.009900990099009901,0.009900990099009901,True,0.009900990099009901,True,0.009900990099009901,False,0.06930693069306931,False,S1BF_left; S1FL_left; S1HL_left; M1_right; S1BF_right
9,8,7,12,0.09580382070442822,0.009900990099009901,0.009900990099009901,True,0.009900990099009901,True,0.009900990099009901,False,0.06930693069306931,False,DLEnt_right; Ect_right; Hipp_CA1_A_right; Hipp_CA1_P_right; Hipp_CA2_right
10,0,1,30,0.15205419277408883,0.009900990099009901,0.009900990099009901,True,0.009900990099009901,True,0.009900990099009901,False,0.0594059405940594,False,Acumbens_left; AIP_left; AIV_left; Amygdala_left; GIDI_left
10,0,2,15,0.11243077752752827,0.009900990099009901,0.009900990099009901,True,0.009900990099009901,True,0.009900990099009901,False,0.0594059405940594,False,AID_left; DI_left; Fr3_left; GI_left; S1DZ0_left
10,0,3,27,0.15200250831723539,0.009900990099009901,0.009900990099009901,True,0.009900990099009901,True,0.009900990099009901,False,0.0594059405940594,False,Au1_left; AUD_left; AuV_left; Hipp_CA1_A_left; Hipp_CA2_left
10,0,4,16,0.07050317470172449,0.009900990099009901,0.009900990099009901,True,0.009900990099009901,True,0.009900990099009901,False,0.0594059405940594,False,Brainstem_left; Cent_Gray_left; Cerebellum_left; DLEnt_left; Ect_left
10,0,5,13,0.07002523198122237,0.009900990099009901,0.009900990099009901,True,0.009900990099009901,True,0.009900990099009901,False,0.0594059405940594,False,Cg_left; M1_left; M2_left; S1DZ_left; S1FL_left
10,0,6,13,0.098939784206359,0.009900990099009901,0.009900990099009901,True,0.009900990099009901,True,0.009900990099009901,False,0.0594059405940594,False,DLEnt_right; Ect_right; Hipp_CA1_A_right; Hipp_CA1_P_right; Hipp_CA2_right
10,1,1,37,0.19839496803863008,0.009900990099009901,0.009900990099009901,True,0.009900990099009901,True,0.009900990099009901,False,0.0594059405940594,False,Acumbens_left; AID_left; AIP_left; AIV_left; Amygdala_left
10,1,2,17,0.11842713701796637,0.009900990099009901,0.009900990099009901,True,0.009900990099009901,True,0.009900990099009901,False,0.0594059405940594,False,Au1_left; AuV_left; Cerebellum_right; DLEnt_right; Ect_right
10,1,3,26,0.13026906359096047,0.009900990099009901,0.009900990099009901,True,0.009900990099009901,True,0.009900990099009901,False,0.0594059405940594,False,AUD_left; Hipp_CA1_A_left; Hipp_CA2_left; Hipp_CA3_A_left; Hipp_CA3_P_left
10,1,4,13,0.05535522068106163,0.009900990099009901,0.009900990099009901,True,0.009900990099009901,True,0.009900990099009901,False,0.0594059405940594,False,Brainstem_left; Cent_Gray_left; Cerebellum_left; DLEnt_left; Ect_left
10,1,5,15,0.08425441807009537,0.009900990099009901,0.009900990099009901,True,0.009900990099009901,True,0.009900990099009901,False,0.0594059405940594,False,Cg_left; M1_left; M2_left; PrL_left; S1DZ_left
10,1,6,6,0.014924260240868794,0.009900990099009901,0.009900990099009901,True,0.009900990099009901,True,0.009900990099009901,False,0.0594059405940594,False,Hypothalamus_left; Thalamus_A_left; Thalamus_P_left; Hypothalamus_right; Thalamus_A_right
10,2,1,32,0.13971111297599983,0.009900990099009901,0.009900990099009901,True,0.009900990099009901,True,0.009900990099009901,False,0.04950495049504951,True,Acumbens_left; Cg_left; Hypothalamus_left; IL_left; LSeptn_left
10,2,2,27,0.16782156204965548,0.009900990099009901,0.009900990099009901,True,0.009900990099009901,True,0.009900990099009901,False,0.04950495049504951,True,AID_left; AIP_left; AIV_left; Amygdala_left; DI_left
10,2,3,19,0.07861614419132053,0.009900990099009901,0.009900990099009901,True,0.009900990099009901,True,0.009900990099009901,False,0.04950495049504951,True,Au1_left; AuV_left; Brainstem_left; Cent_Gray_left; Cerebellum_left
10,2,4,18,0.11542058149814999,0.009900990099009901,0.009900990099009901,True,0.009900990099009901,True,0.009900990099009901,False,0.04950495049504951,True,AUD_left; Hipp_CA3_A_left; Hipp_FC_left; LPtA_left; MPtA_left
10,2,5,18,0.1266116453248135,0.009900990099009901,0.009900990099009901,True,0.009900990099009901,True,0.009900990099009901,False,0.04950495049504951,True,Superior_Colliculus_left; Central_Gray_right; Cerebellum_right; DLEnt_right; Ect_right
10,3,1,25,0.10807208623497118,0.009900990099009901,0.009900990099009901,True,0.009900990099009901,True,0.009900990099009901,False,0.0594059405940594,False,Acumbens_left; AIP_left; AIV_left; Amygdala_left; GIDI_left
10,3,2,16,0.12079753042932076,0.009900990099009901,0.009900990099009901,True,0.009900990099009901,True,0.009900990099009901,False,0.0594059405940594,False,AID_left; DI_left; Fr3_left; GI_left; S1DZ0_left
10,3,3,25,0.14489387497433,0.009900990099009901,0.009900990099009901,True,0.009900990099009901,True,0.009900990099009901,False,0.0594059405940594,False,Au1_left; AUD_left; Hipp_CA1_A_left; Hipp_CA2_left; Hipp_CA3_A_left
10,3,4,14,0.1036171766974483,0.009900990099009901,0.009900990099009901,True,0.009900990099009901,True,0.009900990099009901,False,0.0594059405940594,False,AuV_left; DLEnt_right; Ect_right; Hipp_CA1_A_right; Hipp_CA1_P_right
10,3,5,16,0.07058788337583145,0.009900990099009901,0.009900990099009901,True,0.009900990099009901,True,0.009900990099009901,False,0.0594059405940594,False,Brainstem_left; Cent_Gray_left; Cerebellum_left; DLEnt_left; Ect_left
10,3,6,18,0.09452573828432147,0.009900990099009901,0.009900990099009901,True,0.009900990099009901,True,0.009900990099009901,False,0.0594059405940594,False,Cg_left; IL_left; M1_left; M2_left; PrL_left
10,4,1,25,0.13114077650025374,0.009900990099009901,0.009900990099009901,True,0.009900990099009901,True,0.009900990099009901,False,0.0594059405940594,False,Acumbens_left; AIV_left; Cg_left; IL_left; LSeptn_left
10,4,2,22,0.1424742172492873,0.009900990099009901,0.009900990099009901,True,0.009900990099009901,True,0.009900990099009901,False,0.0594059405940594,False,AID_left; AIP_left; DI_left; Fr3_left; GI_left
10,4,3,10,0.033989647334351586,0.009900990099009901,0.009900990099009901,True,0.009900990099009901,True,0.009900990099009901,False,0.0594059405940594,False,Amygdala_left; GIDI_left; Hypothalamus_left; SaM_left; SaP_left
10,4,4,27,0.1598906085240305,0.009900990099009901,0.009900990099009901,True,0.009900990099009901,True,0.009900990099009901,False,0.0594059405940594,False,Au1_left; AUD_left; Hipp_CA1_A_left; Hipp_CA2_left; Hipp_CA3_A_left
10,4,5,14,0.1048269595298888,0.009900990099009901,0.009900990099009901,True,0.009900990099009901,True,0.009900990099009901,False,0.0594059405940594,False,AuV_left; DLEnt_right; Ect_right; Hipp_CA1_A_right; Hipp_CA1_P_right
10,4,6,16,0.08274952347660529,0.009900990099009901,0.009900990099009901,True,0.009900990099009901,True,0.009900990099009901,False,0.0594059405940594,False,Brainstem_left; Cent_Gray_left; Cerebellum_left; DLEnt_left; Ect_left
10,5,1,33,0.15099568943215988,0.009900990099009901,0.009900990099009901,True,0.009900990099009901,True,0.009900990099009901,False,0.04950495049504951,True,Acumbens_left; AIV_left; Amygdala_left; Cg_left; Hypothalamus_left
10,5,2,24,0.15270878699529591,0.009900990099009901,0.009900990099009901,True,0.009900990099009901,True,0.009900990099009901,False,0.04950495049504951,True,AID_left; AIP_left; DI_left; Fr3_left; GIDI_left
10,5,3,27,0.15416477849839383,0.009900990099009901,0.009900990099009901,True,0.009900990099009901,True,0.009900990099009901,False,0.04950495049504951,True,Au1_left; AUD_left; Hipp_CA1_A_left; Hipp_CA2_left; Hipp_CA3_A_left
10,5,4,14,0.10329136489182959,0.009900990099009901,0.009900990099009901,True,0.009900990099009901,True,0.009900990099009901,False,0.04950495049504951,True,AuV_left; DLEnt_right; Ect_right; Hipp_CA1_A_right; Hipp_CA1_P_right
10,5,5,16,0.07604754912414181,0.009900990099009901,0.009900990099009901,True,0.009900990099009901,True,0.009900990099009901,False,0.04950495049504951,True,Brainstem_left; Cent_Gray_left; Cerebellum_left; DLEnt_left; Ect_left
10,6,1,22,0.1070396073331444,0.009900990099009901,0.009900990099009901,True,0.009900990099009901,True,0.009900990099009901,False,0.04950495049504951,True,Acumbens_left; AIV_left; Cg_left; IL_left; LSeptn_left
10,6,2,26,0.15924943075587297,0.009900990099009901,0.009900990099009901,True,0.009900990099009901,True,0.009900990099009901,False,0.04950495049504951,True,AID_left; AIP_left; DI_left; Fr3_left; GIDI_left
10,6,3,9,0.028879186858928846,0.009900990099009901,0.009900990099009901,True,0.009900990099009901,True,0.009900990099009901,False,0.04950495049504951,True,Amygdala_left; Hypothalamus_left; SaM_left; SaP_left; Thalamus_A_left
10,6,4,27,0.13670951674087461,0.009900990099009901,0.009900990099009901,True,0.009900990099009901,True,0.009900990099009901,False,0.04950495049504951,True,Au1_left; AUD_left; Hipp_CA1_A_left; Hipp_CA2_left; Hipp_CA3_A_left
10,6,5,30,0.16572117634460035,0.009900990099009901,0.009900990099009901,True,0.009900990099009901,True,0.009900990099009901,False,0.04950495049504951,True,AuV_left; Brainstem_left; Cent_Gray_left; Cerebellum_left; DLEnt_left
10,7,1,28,0.11811930780284419,0.009900990099009901,0.009900990099009901,True,0.009900990099009901,True,0.009900990099009901,False,0.04950495049504951,True,Acumbens_left; AIP_left; AIV_left; Amygdala_left; GIDI_left
10,7,2,15,0.11029165851292762,0.009900990099009901,0.009900990099009901,True,0.009900990099009901,True,0.009900990099009901,False,0.04950495049504951,True,AID_left; DI_left; Fr3_left; GI_left; S1DZ0_left
10,7,3,27,0.14134217321870896,0.009900990099009901,0.009900990099009901,True,0.009900990099009901,True,0.009900990099009901,False,0.04950495049504951,True,Au1_left; AUD_left; Hipp_CA1_A_left; Hipp_CA2_left; Hipp_CA3_A_left
10,7,4,30,0.1664365029206968,0.009900990099009901,0.009900990099009901,True,0.009900990099009901,True,0.009900990099009901,False,0.04950495049504951,True,AuV_left; Brainstem_left; Cent_Gray_left; Cerebellum_left; DLEnt_left
10,7,5,14,0.08035211967108166,0.009900990099009901,0.009900990099009901,True,0.009900990099009901,True,0.009900990099009901,False,0.04950495049504951,True,Cg_left; M1_left; M2_left; PrL_left; S1DZ_left
10,8,1,28,0.13242526639273297,0.009900990099009901,0.009900990099009901,True,0.009900990099009901,True,0.009900990099009901,False,0.0594059405940594,False,Acumbens_left; AIP_left; AIV_left; Amygdala_left; GIDI_left
10,8,2,16,0.1220827513487224,0.009900990099009901,0.009900990099009901,True,0.009900990099009901,True,0.009900990099009901,False,0.0594059405940594,False,AID_left; DI_left; Fr3_left; GI_left; S1DZ0_left
10,8,3,28,0.14902851161518102,0.009900990099009901,0.009900990099009901,True,0.009900990099009901,True,0.009900990099009901,False,0.0594059405940594,False,Au1_left; AUD_left; AuV_left; Hipp_CA1_A_left; Hipp_CA2_left
10,8,4,16,0.08113353085920606,0.009900990099009901,0.009900990099009901,True,0.009900990099009901,True,0.009900990099009901,False,0.0594059405940594,False,Brainstem_left; Cent_Gray_left; Cerebellum_left; DLEnt_left; Ect_left
10,8,5,13,0.06882857626511671,0.009900990099009901,0.009900990099009901,True,0.009900990099009901,True,0.009900990099009901,False,0.0594059405940594,False,Cg_left; M1_left; M2_left; PrL_left; S1FL_left
10,8,6,13,0.09926247153182473,0.009900990099009901,0.009900990099009901,True,0.009900990099009901,True,0.009900990099009901,False,0.0594059405940594,False,DLEnt_right; Ect_right; Hipp_CA1_A_right; Hipp_CA1_P_right; Hipp_CA2_right
10,9,1,24,0.13902988847034897,0.009900990099009901,0.009900990099009901,True,0.009900990099009901,True,0.009900990099009901,False,0.06930693069306931,False,Acumbens_left; Cg_left; IL_left; LSeptn_left; M1_left
10,9,2,25,0.1591042415412605,0.009900990099009901,0.009900990099009901,True,0.009900990099009901,True,0.009900990099009901,False,0.06930693069306931,False,AID_left; AIP_left; AIV_left; Amygdala_left; DI_left
10,9,3,18,0.09585981357868183,0.009900990099009901,0.009900990099009901,True,0.009900990099009901,True,0.009900990099009901,False,0.06930693069306931,False,Au1_left; AuV_left; Cent_Gray_left; Hipp_CA1_A_left; Hipp_CA2_left
10,9,4,17,0.11127369507312658,0.009900990099009901,0.009900990099009901,True,0.009900990099009901,True,0.009900990099009901,False,0.06930693069306931,False,AUD_left; Hipp_CA3_A_left; Hipp_FC_left; LPtA_left; MPtA_left
10,9,5,7,0.03252929339226759,0.009900990099009901,0.009900990099009901,True,0.009900990099009901,True,0.009900990099009901,False,0.06930693069306931,False,Brainstem_left; Cerebellum_left; DLEnt_left; Ect_left; PRh_left
10,9,6,10,0.03495391703510836,0.009900990099009901,0.009900990099009901,True,0.009900990099009901,True,0.009900990099009901,False,0.06930693069306931,False,Hypothalamus_left; SaM_left; SaP_left; Thalamus_A_left; Thalamus_P_left
10,9,7,13,0.10134232732603364,0.009900990099009901,0.009900990099009901,True,0.009900990099009901,True,0.009900990099009901,False,0.06930693069306931,False,DLEnt_right; Ect_right; Hipp_CA1_A_right; Hipp_CA1_P_right; Hipp_CA2_right
11,0,1,25,0.10736942123198026,0.009900990099009901,0.009900990099009901,True,0.009900990099009901,True,0.009900990099009901,False,0.0594059405940594,False,Acumbens_left; AIP_left; AIV_left; Amygdala_left; GIDI_left
11,0,2,16,0.1210216901819605,0.009900990099009901,0.009900990099009901,True,0.009900990099009901,True,0.009900990099009901,False,0.0594059405940594,False,AID_left; DI_left; Fr3_left; GI_left; S1DZ0_left
11,0,3,25,0.1431065385577929,0.009900990099009901,0.009900990099009901,True,0.009900990099009901,True,0.009900990099009901,False,0.0594059405940594,False,Au1_left; AUD_left; Hipp_CA1_A_left; Hipp_CA2_left; Hipp_CA3_A_left
11,0,4,21,0.13570672108581844,0.009900990099009901,0.009900990099009901,True,0.009900990099009901,True,0.009900990099009901,False,0.0594059405940594,False,AuV_left; Cent_Gray_left; Inferior_Colliculus_left; Superior_Colliculus_left; Central_Gray_right
11,0,5,9,0.038363192497098006,0.009900990099009901,0.009900990099009901,True,0.009900990099009901,True,0.009900990099009901,False,0.0594059405940594,False,Brainstem_left; Cerebellum_left; DLEnt_left; Ect_left; Hipp_Sub_P_left
11,0,6,18,0.09359873523075093,0.009900990099009901,0.009900990099009901,True,0.009900990099009901,True,0.009900990099009901,False,0.0594059405940594,False,Cg_left; IL_left; M1_left; M2_left; PrL_left
11,1,1,29,0.14259477183738004,0.009900990099009901,0.009900990099009901,True,0.009900990099009901,True,0.009900990099009901,False,0.0594059405940594,False,Acumbens_left; Cg_left; Hypothalamus_left; IL_left; LSeptn_left
11,1,2,27,0.16415794315843882,0.009900990099009901,0.009900990099009901,True,0.009900990099009901,True,0.009900990099009901,False,0.0594059405940594,False,AID_left; AIP_left; AIV_left; Amygdala_left; DI_left
11,1,3,8,0.0380235920548926,0.009900990099009901,0.009900990099009901,True,0.009900990099009901,True,0.009900990099009901,False,0.0594059405940594,False,Au1_left; AUD_left; AuV_left; Hipp_CA1_A_left; Hipp_CA2_left
11,1,4,16,0.08271257730731973,0.009900990099009901,0.009900990099009901,True,0.009900990099009901,True,0.009900990099009901,False,0.0594059405940594,False,Brainstem_left; Cent_Gray_left; Cerebellum_left; DLEnt_left; Ect_left
11,1,5,22,0.12789967269850974,0.009900990099009901,0.009900990099009901,True,0.009900990099009901,True,0.009900990099009901,False,0.0594059405940594,False,Hipp_CA3_A_left; Hipp_dentegyrus_A_left; Hipp_FC_left; Hipp_Sub_A_left; LPtA_left
11,1,6,12,0.09446992438438151,0.009900990099009901,0.009900990099009901,True,0.009900990099009901,True,0.009900990099009901,False,0.0594059405940594,False,DLEnt_right; Ect_right; Hipp_CA1_A_right; Hipp_CA1_P_right; Hipp_CA2_right
11,2,1,19,0.07300823978512452,0.009900990099009901,0.009900990099009901,True,0.009900990099009901,True,0.009900990099009901,False,0.04950495049504951,True,Acumbens_left; AIV_left; Hypothalamus_left; IL_left; LSeptn_left
11,2,2,24,0.14480477617879664,0.009900990099009901,0.009900990099009901,True,0.009900990099009901,True,0.009900990099009901,False,0.04950495049504951,True,AID_left; AIP_left; Amygdala_left; DI_left; Fr3_left
11,2,3,27,0.13368296076635414,0.009900990099009901,0.009900990099009901,True,0.009900990099009901,True,0.009900990099009901,False,0.04950495049504951,True,Au1_left; AUD_left; Cerebellum_left; Hipp_CA1_A_left; Hipp_CA2_left
11,2,4,30,0.16555638922312432,0.009900990099009901,0.009900990099009901,True,0.009900990099009901,True,0.009900990099009901,False,0.04950495049504951,True,AuV_left; Brainstem_left; Cent_Gray_left; DLEnt_left; Ect_left
11,2,5,14,0.0657844764185684,0.009900990099009901,0.009900990099009901,True,0.009900990099009901,True,0.009900990099009901,False,0.04950495049504951,True,Cg_left; M1_left; M2_left; PrL_left; S1DZ_left
11,3,1,28,0.12705225903906817,0.009900990099009901,0.009900990099009901,True,0.009900990099009901,True,0.009900990099009901,False,0.06930693069306931,False,Acumbens_left; AIP_left; AIV_left; Amygdala_left; GIDI_left
11,3,2,15,0.11286013235336059,0.009900990099009901,0.009900990099009901,True,0.009900990099009901,True,0.009900990099009901,False,0.06930693069306931,False,AID_left; DI_left; Fr3_left; GI_left; S1DZ0_left
11,3,3,15,0.10148512697777023,0.009900990099009901,0.009900990099009901,True,0.009900990099009901,True,0.009900990099009901,False,0.06930693069306931,False,Au1_left; AuV_left; DLEnt_right; Ect_right; Hipp_CA1_A_right
11,3,4,18,0.10358022164945445,0.009900990099009901,0.009900990099009901,True,0.009900990099009901,True,0.009900990099009901,False,0.06930693069306931,False,AUD_left; Hipp_CA3_A_left; Hipp_FC_left; LPtA_left; MPtA_left
11,3,5,16,0.06981778534556209,0.009900990099009901,0.009900990099009901,True,0.009900990099009901,True,0.009900990099009901,False,0.06930693069306931,False,Brainstem_left; Cent_Gray_left; Cerebellum_left; DLEnt_left; Ect_left
11,3,6,15,0.08867339706319903,0.009900990099009901,0.009900990099009901,True,0.009900990099009901,True,0.009900990099009901,False,0.06930693069306931,False,Cg_left; M1_left; M2_left; PrL_left; S1DZ_left
11,3,7,7,0.030405934879883117,0.009900990099009901,0.009900990099009901,True,0.009900990099009901,True,0.009900990099009901,False,0.06930693069306931,False,Hipp_CA1_A_left; Hipp_CA2_left; Hipp_CA3_P_left; Hipp_dentegyrus_A_left; Hipp_dentegyrus_P_left
11,4,1,26,0.13009767409200676,0.009900990099009901,0.009900990099009901,True,0.009900990099009901,True,0.009900990099009901,False,0.0594059405940594,False,Acumbens_left; AIV_left; Cg_left; IL_left; LSeptn_left
11,4,2,22,0.141323960905995,0.009900990099009901,0.009900990099009901,True,0.009900990099009901,True,0.009900990099009901,False,0.0594059405940594,False,AID_left; AIP_left; DI_left; Fr3_left; GIDI_left
11,4,3,9,0.031222731143363887,0.009900990099009901,0.009900990099009901,True,0.009900990099009901,True,0.009900990099009901,False,0.0594059405940594,False,Amygdala_left; Hypothalamus_left; SaM_left; SaP_left; Thalamus_A_left
11,4,4,27,0.15392606494290517,0.009900990099009901,0.009900990099009901,True,0.009900990099009901,True,0.009900990099009901,False,0.0594059405940594,False,Au1_left; AUD_left; Hipp_CA1_A_left; Hipp_CA2_left; Hipp_CA3_A_left
11,4,5,14,0.10377701938480363,0.009900990099009901,0.009900990099009901,True,0.009900990099009901,True,0.009900990099009901,False,0.0594059405940594,False,AuV_left; DLEnt_right; Ect_right; Hipp_CA1_A_right; Hipp_CA1_P_right
11,4,6,16,0.08864802956686511,0.009900990099009901,0.009900990099009901,True,0.009900990099009901,True,0.009900990099009901,False,0.0594059405940594,False,Brainstem_left; Cent_Gray_left; Cerebellum_left; DLEnt_left; Ect_left
11,5,1,30,0.1491225826878363,0.009900990099009901,0.009900990099009901,True,0.009900990099009901,True,0.009900990099009901,False,0.04950495049504951,True,Acumbens_left; AIP_left; AIV_left; Amygdala_left; GIDI_left
11,5,2,17,0.12239796695594106,0.009900990099009901,0.009900990099009901,True,0.009900990099009901,True,0.009900990099009901,False,0.04950495049504951,True,AID_left; DI_left; Fr3_left; GI_left; S1DZ0_left
11,5,3,27,0.15872125778939236,0.009900990099009901,0.009900990099009901,True,0.009900990099009901,True,0.009900990099009901,False,0.04950495049504951,True,Au1_left; AUD_left; AuV_left; Hipp_CA1_A_left; Hipp_CA2_left
11,5,4,29,0.16563326790405852,0.009900990099009901,0.009900990099009901,True,0.009900990099009901,True,0.009900990099009901,False,0.04950495049504951,True,Brainstem_left; Cent_Gray_left; Cerebellum_left; DLEnt_left; Ect_left
11,5,5,11,0.05890854881387223,0.009900990099009901,0.009900990099009901,True,0.009900990099009901,True,0.009900990099009901,False,0.04950495049504951,True,Cg_left; M1_left; M2_left; Cg_right; M1_right
11,6,1,22,0.12489071175572283,0.009900990099009901,0.009900990099009901,True,0.009900990099009901,True,0.009900990099009901,False,0.0594059405940594,False,Acumbens_left; Cg_left; IL_left; LSeptn_left; M1_left
11,6,2,16,0.12300653276029365,0.009900990099009901,0.009900990099009901,True,0.009900990099009901,True,0.009900990099009901,False,0.0594059405940594,False,AID_left; DI_left; Fr3_left; GI_left; S1DZ0_left
11,6,3,19,0.07388818477092546,0.009900990099009901,0.009900990099009901,True,0.009900990099009901,True,0.009900990099009901,False,0.0594059405940594,False,AIP_left; AIV_left; Amygdala_left; GIDI_left; Hypothalamus_left
11,6,4,29,0.15568870396119316,0.009900990099009901,0.009900990099009901,True,0.009900990099009901,True,0.009900990099009901,False,0.0594059405940594,False,Au1_left; AUD_left; AuV_left; Hipp_CA1_A_left; Hipp_CA2_left
11,6,5,16,0.07944997210547769,0.009900990099009901,0.009900990099009901,True,0.009900990099009901,True,0.009900990099009901,False,0.0594059405940594,False,Brainstem_left; Cent_Gray_left; Cerebellum_left; DLEnt_left; Ect_left
11,6,6,12,0.09551207363965993,0.009900990099009901,0.009900990099009901,True,0.009900990099009901,True,0.009900990099009901,False,0.0594059405940594,False,DLEnt_right; Ect_right; Hipp_CA1_A_right; Hipp_CA1_P_right; Hipp_CA2_right
11,7,1,27,0.1372146299101347,0.009900990099009901,0.009900990099009901,True,0.009900990099009901,True,0.009900990099009901,False,0.0594059405940594,False,Acumbens_left; AIV_left; Cg_left; IL_left; LSeptn_left
11,7,2,21,0.13843989177968438,0.009900990099009901,0.009900990099009901,True,0.009900990099009901,True,0.009900990099009901,False,0.0594059405940594,False,AID_left; AIP_left; DI_left; Fr3_left; GI_left
11,7,3,10,0.03620347309783969,0.009900990099009901,0.009900990099009901,True,0.009900990099009901,True,0.009900990099009901,False,0.0594059405940594,False,Amygdala_left; AuV_left; GIDI_left; Hypothalamus_left; SaP_left
11,7,4,10,0.050381394955439494,0.009900990099009901,0.009900990099009901,True,0.009900990099009901,True,0.009900990099009901,False,0.0594059405940594,False,Au1_left; AUD_left; Hipp_CA1_A_left; Hipp_CA2_left; Hipp_CA3_A_left
11,7,5,29,0.16011118854560258,0.009900990099009901,0.009900990099009901,True,0.009900990099009901,True,0.009900990099009901,False,0.0594059405940594,False,Brainstem_left; Cent_Gray_left; Cerebellum_left; DLEnt_left; Ect_left
11,7,6,17,0.09606595951109516,0.009900990099009901,0.009900990099009901,True,0.009900990099009901,True,0.009900990099009901,False,0.0594059405940594,False,Hipp_FC_left; LPtA_left; MPtA_left; PtPD_left; RSD_left
11,8,1,24,0.13289976876047288,0.009900990099009901,0.009900990099009901,True,0.009900990099009901,True,0.009900990099009901,False,0.0594059405940594,False,Acumbens_left; AIV_left; Cg_left; IL_left; LSeptn_left
11,8,2,16,0.12007003855259234,0.009900990099009901,0.009900990099009901,True,0.009900990099009901,True,0.009900990099009901,False,0.0594059405940594,False,AID_left; DI_left; Fr3_left; GI_left; S1DZ0_left
11,8,3,17,0.06489022004304544,0.009900990099009901,0.009900990099009901,True,0.009900990099009901,True,0.009900990099009901,False,0.0594059405940594,False,AIP_left; Amygdala_left; GIDI_left; Hypothalamus_left; Piriform_left
11,8,4,28,0.14926396988326207,0.009900990099009901,0.009900990099009901,True,0.009900990099009901,True,0.009900990099009901,False,0.0594059405940594,False,Au1_left; AUD_left; AuV_left; Hipp_CA1_A_left; Hipp_CA2_left
11,8,5,16,0.07682714498480918,0.009900990099009901,0.009900990099009901,True,0.009900990099009901,True,0.009900990099009901,False,0.0594059405940594,False,Brainstem_left; Cent_Gray_left; Cerebellum_left; DLEnt_left; Ect_left
11,8,6,13,0.10025920825728292,0.009900990099009901,0.009900990099009901,True,0.009900990099009901,True,0.009900990099009901,False,0.0594059405940594,False,DLEnt_right; Ect_right; Hipp_CA1_A_right; Hipp_CA1_P_right; Hipp_CA2_right
11,9,1,24,0.12377122513099541,0.009900990099009901,0.009900990099009901,True,0.009900990099009901,True,0.009900990099009901,False,0.0594059405940594,False,Acumbens_left; Cg_left; IL_left; LSeptn_left; M1_left
11,9,2,18,0.12579703827180608,0.009900990099009901,0.009900990099009901,True,0.009900990099009901,True,0.009900990099009901,False,0.0594059405940594,False,AID_left; AIV_left; DI_left; Fr3_left; GI_left
11,9,3,17,0.06808628602785723,0.009900990099009901,0.009900990099009901,True,0.009900990099009901,True,0.009900990099009901,False,0.0594059405940594,False,AIP_left; Amygdala_left; GIDI_left; Hypothalamus_left; Piriform_left
11,9,4,9,0.038307369425258,0.009900990099009901,0.009900990099009901,True,0.009900990099009901,True,0.009900990099009901,False,0.0594059405940594,False,Au1_left; AuV_left; Hipp_CA1_A_left; Hipp_CA2_left; Hipp_CA3_P_left
11,9,5,17,0.1102410655345166,0.009900990099009901,0.009900990099009901,True,0.009900990099009901,True,0.009900990099009901,False,0.0594059405940594,False,AUD_left; Hipp_CA3_A_left; Hipp_FC_left; LPtA_left; MPtA_left
11,9,6,29,0.1542073826656662,0.009900990099009901,0.009900990099009901,True,0.009900990099009901,True,0.009900990099009901,False,0.0594059405940594,False,Brainstem_left; Cent_Gray_left; Cerebellum_left; DLEnt_left; Ect_left
11,10,1,43,0.20126725883393662,0.009900990099009901,0.009900990099009901,True,0.009900990099009901,True,0.009900990099009901,False,0.04950495049504951,True,Acumbens_left; AID_left; AIP_left; AIV_left; Amygdala_left
11,10,2,20,0.1295076082824204,0.009900990099009901,0.009900990099009901,True,0.009900990099009901,True,0.009900990099009901,False,0.04950495049504951,True,Au1_left; AuV_left; Superior_Colliculus_left; Central_Gray_right; Cerebellum_right
11,10,3,25,0.12196150083418195,0.009900990099009901,0.009900990099009901,True,0.009900990099009901,True,0.009900990099009901,False,0.04950495049504951,True,AUD_left; Hipp_CA1_A_left; Hipp_CA2_left; Hipp_CA3_A_left; Hipp_CA3_P_left
11,10,4,11,0.0409857163828152,0.009900990099009901,0.009900990099009901,True,0.009900990099009901,True,0.009900990099009901,False,0.04950495049504951,True,Brainstem_left; Cent_Gray_left; Cerebellum_left; DLEnt_left; Ect_left
11,10,5,15,0.08263761626303252,0.009900990099009901,0.009900990099009901,True,0.009900990099009901,True,0.009900990099009901,False,0.04950495049504951,True,Cg_left; M1_left; M2_left; PrL_left; S1DZ_left
12,0,1,37,0.1992674912714357,0.009900990099009901,0.009900990099009901,True,0.009900990099009901,True,0.009900990099009901,False,0.0594059405940594,False,Acumbens_left; AID_left; AIP_left; AIV_left; Amygdala_left
12,0,2,17,0.1185791711286597,0.009900990099009901,0.009900990099009901,True,0.009900990099009901,True,0.009900990099009901,False,0.0594059405940594,False,Au1_left; AuV_left; Cerebellum_right; DLEnt_right; Ect_right
12,0,3,24,0.1251041523782952,0.009900990099009901,0.009900990099009901,True,0.009900990099009901,True,0.009900990099009901,False,0.0594059405940594,False,AUD_left; Hipp_CA1_A_left; Hipp_CA2_left; Hipp_CA3_A_left; Hipp_CA3_P_left
12,0,4,15,0.06352012092743786,0.009900990099009901,0.009900990099009901,True,0.009900990099009901,True,0.009900990099009901,False,0.0594059405940594,False,Brainstem_left; Cent_Gray_left; Cerebellum_left; DLEnt_left; Ect_left
12,0,5,15,0.08549376330640143,0.009900990099009901,0.009900990099009901,True,0.009900990099009901,True,0.009900990099009901,False,0.0594059405940594,False,Cg_left; M1_left; M2_left; PrL_left; S1DZ_left
12,0,6,6,0.015064133814324705,0.009900990099009901,0.009900990099009901,True,0.009900990099009901,True,0.009900990099009901,False,0.0594059405940594,False,Hypothalamus_left; Thalamus_A_left; Thalamus_P_left; Hypothalamus_right; Thalamus_A_right
12,1,1,21,0.11173017329430246,0.009900990099009901,0.009900990099009901,True,0.009900990099009901,True,0.009900990099009901,False,0.06930693069306931,False,Acumbens_left; Cg_left; IL_left; LSeptn_left; M1_left
12,1,2,16,0.1202345112241678,0.009900990099009901,0.009900990099009901,True,0.009900990099009901,True,0.009900990099009901,False,0.06930693069306931,False,AID_left; DI_left; Fr3_left; GI_left; S1DZ0_left
12,1,3,22,0.08459450664482987,0.009900990099009901,0.009900990099009901,True,0.009900990099009901,True,0.009900990099009901,False,0.06930693069306931,False,AIP_left; AIV_left; Amygdala_left; GIDI_left; Hypothalamus_left
12,1,4,14,0.09597339086861897,0.009900990099009901,0.009900990099009901,True,0.009900990099009901,True,0.009900990099009901,False,0.06930693069306931,False,Au1_left; AuV_left; DLEnt_right; Ect_right; Hipp_CA1_A_right
12,1,5,18,0.11419569728086336,0.009900990099009901,0.009900990099009901,True,0.009900990099009901,True,0.009900990099009901,False,0.06930693069306931,False,AUD_left; Hipp_CA3_A_left; Hipp_FC_left; LPtA_left; MPtA_left
12,1,6,7,0.02557828189477862,0.009900990099009901,0.009900990099009901,True,0.009900990099009901,True,0.009900990099009901,False,0.06930693069306931,False,Brainstem_left; Cerebellum_left; DLEnt_left; Ect_left; PRh_left
12,1,7,16,0.07675650916791586,0.009900990099009901,0.009900990099009901,True,0.009900990099009901,True,0.009900990099009901,False,0.06930693069306931,False,Cent_Gray_left; Hipp_CA1_A_left; Hipp_CA2_left; Hipp_CA3_P_left; Hipp_dentegyrus_A_left
12,2,1,24,0.11606042761440866,0.009900990099009901,0.009900990099009901,True,0.009900990099009901,True,0.009900990099009901,False,0.0594059405940594,False,Acumbens_left; AIV_left; Amygdala_left; Hypothalamus_left; IL_left
12,2,2,22,0.14226060069384164,0.009900990099009901,0.009900990099009901,True,0.009900990099009901,True,0.009900990099009901,False,0.0594059405940594,False,AID_left; AIP_left; DI_left; Fr3_left; GIDI_left
12,2,3,26,0.15249830870165879,0.009900990099009901,0.009900990099009901,True,0.009900990099009901,True,0.009900990099009901,False,0.0594059405940594,False,Au1_left; AUD_left; Hipp_CA1_A_left; Hipp_CA2_left; Hipp_CA3_A_left
12,2,4,14,0.10439322575445321,0.009900990099009901,0.009900990099009901,True,0.009900990099009901,True,0.009900990099009901,False,0.0594059405940594,False,AuV_left; DLEnt_right; Ect_right; Hipp_CA1_A_right; Hipp_CA1_P_right
12,2,5,17,0.08228040189579895,0.009900990099009901,0.009900990099009901,True,0.009900990099009901,True,0.009900990099009901,False,0.0594059405940594,False,Brainstem_left; Cent_Gray_left; Cerebellum_left; DLEnt_left; Ect_left
12,2,6,11,0.062090930225642174,0.009900990099009901,0.009900990099009901,True,0.009900990099009901,True,0.009900990099009901,False,0.0594059405940594,False,Cg_left; M1_left; M2_left; S1FL_left; Cg_right
12,3,1,21,0.11728549089490113,0.009900990099009901,0.009900990099009901,True,0.009900990099009901,True,0.009900990099009901,False,0.0594059405940594,False,Acumbens_left; AIV_left; Cg_left; IL_left; LSeptn_left
12,3,2,24,0.1464398426979906,0.009900990099009901,0.009900990099009901,True,0.009900990099009901,True,0.009900990099009901,False,0.0594059405940594,False,AID_left; AIP_left; Amygdala_left; DI_left; Fr3_left
12,3,3,26,0.14792161599197498,0.009900990099009901,0.009900990099009901,True,0.009900990099009901,True,0.009900990099009901,False,0.0594059405940594,False,Au1_left; AUD_left; Hipp_CA1_A_left; Hipp_CA2_left; Hipp_CA3_A_left
12,3,4,14,0.10258280319334005,0.009900990099009901,0.009900990099009901,True,0.009900990099009901,True,0.009900990099009901,False,0.0594059405940594,False,AuV_left; DLEnt_right; Ect_right; Hipp_CA1_A_right; Hipp_CA1_P_right
12,3,5,17,0.09217872886605971,0.009900990099009901,0.009900990099009901,True,0.009900990099009901,True,0.009900990099009901,False,0.0594059405940594,False,Brainstem_left; Cent_Gray_left; Cerebellum_left; DLEnt_left; Ect_left
12,3,6,12,0.038696253107845066,0.009900990099009901,0.009900990099009901,True,0.009900990099009901,True,0.009900990099009901,False,0.0594059405940594,False,Hypothalamus_left; SaP_left; Thalamus_A_left; Thalamus_P_left; Hypothalamus_right
12,4,1,27,0.12039195965501051,0.009900990099009901,0.009900990099009901,True,0.009900990099009901,True,0.009900990099009901,False,0.06930693069306931,False,Acumbens_left; AIP_left; AIV_left; Amygdala_left; GIDI_left
12,4,2,18,0.12909575048418406,0.009900990099009901,0.009900990099009901,True,0.009900990099009901,True,0.009900990099009901,False,0.06930693069306931,False,AID_left; DI_left; Fr3_left; GI_left; M1_left
12,4,3,9,0.04141055334009708,0.009900990099009901,0.009900990099009901,True,0.009900990099009901,True,0.009900990099009901,False,0.06930693069306931,False,Au1_left; AUD_left; AuV_left; Hipp_CA1_A_left; Hipp_CA2_left
12,4,4,15,0.06790508100387824,0.009900990099009901,0.009900990099009901,True,0.009900990099009901,True,0.009900990099009901,False,0.06930693069306931,False,Brainstem_left; Cent_Gray_left; Cerebellum_left; DLEnt_left; Ect_left
12,4,5,11,0.0578263578788203,0.009900990099009901,0.009900990099009901,True,0.009900990099009901,True,0.009900990099009901,False,0.06930693069306931,False,Cg_left; M2_left; PrL_left; Cg_right; M1_right
12,4,6,22,0.12758633899228308,0.009900990099009901,0.009900990099009901,True,0.009900990099009901,True,0.009900990099009901,False,0.06930693069306931,False,Hipp_CA3_A_left; Hipp_dentegyrus_A_left; Hipp_FC_left; Hipp_Sub_A_left; LPtA_left
12,4,7,12,0.09333594102891539,0.009900990099009901,0.009900990099009901,True,0.009900990099009901,True,0.009900990099009901,False,0.06930693069306931,False,DLEnt_right; Ect_right; Hipp_CA1_A_right; Hipp_CA1_P_right; Hipp_CA2_right
12,5,1,28,0.1208442186821137,0.009900990099009901,0.009900990099009901,True,0.009900990099009901,True,0.009900990099009901,False,0.04950495049504951,True,Acumbens_left; AIP_left; Amygdala_left; GIDI_left; Hypothalamus_left
12,5,2,18,0.12602245982768162,0.009900990099009901,0.009900990099009901,True,0.009900990099009901,True,0.009900990099009901,False,0.04950495049504951,True,AID_left; AIV_left; DI_left; Fr3_left; GI_left
12,5,3,27,0.1471440741089066,0.009900990099009901,0.009900990099009901,True,0.009900990099009901,True,0.009900990099009901,False,0.04950495049504951,True,Au1_left; AUD_left; AuV_left; Hipp_CA1_A_left; Hipp_CA2_left
12,5,4,28,0.1534891235183209,0.009900990099009901,0.009900990099009901,True,0.009900990099009901,True,0.009900990099009901,False,0.04950495049504951,True,Brainstem_left; Cent_Gray_left; Cerebellum_left; DLEnt_left; Ect_left
12,5,5,13,0.06880998480842836,0.009900990099009901,0.009900990099009901,True,0.009900990099009901,True,0.009900990099009901,False,0.04950495049504951,True,Cg_left; M1_left; M2_left; S1FL_left; S1HL_left
12,6,1,30,0.14272286168748632,0.009900990099009901,0.009900990099009901,True,0.009900990099009901,True,0.009900990099009901,False,0.0594059405940594,False,Acumbens_left; AIV_left; Cg_left; IL_left; LSeptn_left
12,6,2,16,0.11795470826140785,0.009900990099009901,0.009900990099009901,True,0.009900990099009901,True,0.009900990099009901,False,0.0594059405940594,False,AID_left; DI_left; Fr3_left; GI_left; S1DZ0_left
12,6,3,13,0.04691540705522819,0.009900990099009901,0.009900990099009901,True,0.009900990099009901,True,0.009900990099009901,False,0.0594059405940594,False,AIP_left; Amygdala_left; GIDI_left; Hypothalamus_left; SaP_left
12,6,4,25,0.12981415291340911,0.009900990099009901,0.009900990099009901,True,0.009900990099009901,True,0.009900990099009901,False,0.0594059405940594,False,Au1_left; AUD_left; AuV_left; Hipp_CA1_A_left; Hipp_CA2_left
12,6,5,17,0.0723318942876052,0.009900990099009901,0.009900990099009901,True,0.009900990099009901,True,0.009900990099009901,False,0.0594059405940594,False,Brainstem_left; Cent_Gray_left; Cerebellum_left; DLEnt_left; Ect_left
12,6,6,13,0.09783416114608369,0.009900990099009901,0.009900990099009901,True,0.009900990099009901,True,0.009900990099009901,False,0.0594059405940594,False,DLEnt_right; Ect_right; Hipp_CA1_A_right; Hipp_CA1_P_right; Hipp_CA2_right
12,7,1,28,0.14200284126108653,0.009900990099009901,0.009900990099009901,True,0.009900990099009901,True,0.009900990099009901,False,0.0594059405940594,False,Acumbens_left; AIV_left; Cg_left; IL_left; LSeptn_left
12,7,2,17,0.122229975918547,0.009900990099009901,0.009900990099009901,True,0.009900990099009901,True,0.009900990099009901,False,0.0594059405940594,False,AID_left; DI_left; Fr3_left; GI_left; S1DZ0_left
12,7,3,14,0.052069397237645206,0.009900990099009901,0.009900990099009901,True,0.009900990099009901,True,0.009900990099009901,False,0.0594059405940594,False,AIP_left; Amygdala_left; GIDI_left; Hypothalamus_left; SaM_left
12,7,4,24,0.15124130563068902,0.009900990099009901,0.009900990099009901,True,0.009900990099009901,True,0.009900990099009901,False,0.0594059405940594,False,Au1_left; AUD_left; Hipp_CA1_A_left; Hipp_CA2_left; Hipp_CA3_A_left
12,7,5,22,0.14667266201626852,0.009900990099009901,0.009900990099009901,True,0.009900990099009901,True,0.009900990099009901,False,0.0594059405940594,False,AuV_left; Cent_Gray_left; Inferior_Colliculus_left; RSGb_left; Superior_Colliculus_left
12,7,6,9,0.04474755158169099,0.009900990099009901,0.009900990099009901,True,0.009900990099009901,True,0.009900990099009901,False,0.0594059405940594,False,Brainstem_left; Cerebellum_left; DLEnt_left; Ect_left; Hipp_Sub_P_left
12,8,1,16,0.08938858547356042,0.009900990099009901,0.009900990099009901,True,0.009900990099009901,True,0.009900990099009901,False,0.06930693069306931,False,Acumbens_left; AIV_left; IL_left; LSeptn_left; Piriform_left
12,8,2,22,0.13956427574227326,0.009900990099009901,0.009900990099009901,True,0.009900990099009901,True,0.009900990099009901,False,0.06930693069306931,False,AID_left; AIP_left; DI_left; Fr3_left; GIDI_left
12,8,3,8,0.027387892104024678,0.009900990099009901,0.009900990099009901,True,0.009900990099009901,True,0.009900990099009901,False,0.06930693069306931,False,Amygdala_left; Hypothalamus_left; SaP_left; Thalamus_A_left; Thalamus_P_left
12,8,4,15,0.10914681027348953,0.009900990099009901,0.009900990099009901,True,0.009900990099009901,True,0.009900990099009901,False,0.06930693069306931,False,Au1_left; AuV_left; DLEnt_right; Ect_right; Hipp_CA1_A_right
12,8,5,26,0.14402830465210897,0.009900990099009901,0.009900990099009901,True,0.009900990099009901,True,0.009900990099009901,False,0.06930693069306931,False,AUD_left; Hipp_CA1_A_left; Hipp_CA2_left; Hipp_CA3_A_left; Hipp_CA3_P_left
12,8,6,16,0.07442031206037523,0.009900990099009901,0.009900990099009901,True,0.009900990099009901,True,0.009900990099009901,False,0.06930693069306931,False,Brainstem_left; Cent_Gray_left; Cerebellum_left; DLEnt_left; Ect_left
12,8,7,11,0.06142034502079057,0.009900990099009901,0.009900990099009901,True,0.009900990099009901,True,0.009900990099009901,False,0.06930693069306931,False,Cg_left; M1_left; M2_left; S1FL_left; Cg_right
12,9,1,21,0.08670751088439126,0.009900990099009901,0.009900990099009901,True,0.009900990099009901,True,0.009900990099009901,False,0.06930693069306931,False,Acumbens_left; AIP_left; Amygdala_left; GIDI_left; Hypothalamus_left
12,9,2,19,0.13358373642729904,0.009900990099009901,0.009900990099009901,True,0.009900990099009901,True,0.009900990099009901,False,0.06930693069306931,False,AID_left; DI_left; Fr3_left; GI_left; M1_left
12,9,3,17,0.09913330934313744,0.009900990099009901,0.009900990099009901,True,0.009900990099009901,True,0.009900990099009901,False,0.06930693069306931,False,AIV_left; Cg_left; IL_left; M2_left; PrL_left
12,9,4,10,0.04841690746244691,0.009900990099009901,0.009900990099009901,True,0.009900990099009901,True,0.009900990099009901,False,0.06930693069306931,False,Au1_left; AUD_left; AuV_left; Hipp_CA1_A_left; Hipp_CA2_left
12,9,5,17,0.07805224157180547,0.009900990099009901,0.009900990099009901,True,0.009900990099009901,True,0.009900990099009901,False,0.06930693069306931,False,Brainstem_left; Cent_Gray_left; Cerebellum_left; DLEnt_left; Ect_left
12,9,6,18,0.10261091801090012,0.009900990099009901,0.009900990099009901,True,0.009900990099009901,True,0.009900990099009901,False,0.06930693069306931,False,Hipp_CA3_A_left; Hipp_FC_left; LPtA_left; MPtA_left; PtPD_left
12,9,7,12,0.09149084088922083,0.009900990099009901,0.009900990099009901,True,0.009900990099009901,True,0.009900990099009901,False,0.06930693069306931,False,DLEnt_right; Ect_right; Hipp_CA1_A_right; Hipp_CA1_P_right; Hipp_CA2_right
12,10,1,28,0.12184783518188536,0.009900990099009901,0.009900990099009901,True,0.009900990099009901,True,0.009900990099009901,False,0.04950495049504951,True,Acumbens_left; AIP_left; AIV_left; Amygdala_left; GIDI_left
12,10,2,15,0.11705969733168359,0.009900990099009901,0.009900990099009901,True,0.009900990099009901,True,0.009900990099009901,False,0.04950495049504951,True,AID_left; DI_left; Fr3_left; GI_left; S1DZ0_left
12,10,3,27,0.15141636812713832,0.009900990099009901,0.009900990099009901,True,0.009900990099009901,True,0.009900990099009901,False,0.04950495049504951,True,Au1_left; AUD_left; AuV_left; Hipp_CA1_A_left; Hipp_CA2_left
12,10,4,28,0.15277710017918533,0.009900990099009901,0.009900990099009901,True,0.009900990099009901,True,0.009900990099009901,False,0.04950495049504951,True,Brainstem_left; Cent_Gray_left; Cerebellum_left; DLEnt_left; Ect_left
12,10,5,16,0.08745254232007954,0.009900990099009901,0.009900990099009901,True,0.009900990099009901,True,0.009900990099009901,False,0.04950495049504951,True,Cg_left; M1_left; M2_left; PrL_left; S1BF_left
12,11,1,30,0.1417692343774742,0.009900990099009901,0.009900990099009901,True,0.009900990099009901,True,0.009900990099009901,False,0.0594059405940594,False,Acumbens_left; AIP_left; AIV_left; Amygdala_left; GIDI_left
12,11,2,15,0.1150330023234247,0.009900990099009901,0.009900990099009901,True,0.009900990099009901,True,0.009900990099009901,False,0.0594059405940594,False,AID_left; DI_left; Fr3_left; GI_left; S1DZ0_left
12,11,3,21,0.11599931170273849,0.009900990099009901,0.009900990099009901,True,0.009900990099009901,True,0.009900990099009901,False,0.0594059405940594,False,Au1_left; AUD_left; AuV_left; Hipp_CA1_A_left; Hipp_CA2_left
12,11,4,17,0.08139545072596674,0.009900990099009901,0.009900990099009901,True,0.009900990099009901,True,0.009900990099009901,False,0.0594059405940594,False,Brainstem_left; Cent_Gray_left; Cerebellum_left; DLEnt_left; Ect_left
12,11,5,14,0.06926344642002508,0.009900990099009901,0.009900990099009901,True,0.009900990099009901,True,0.009900990099009901,False,0.0594059405940594,False,Cg_left; M1_left; M2_left; S1BF_left; S1DZ_left
12,11,6,17,0.11813260819098398,0.009900990099009901,0.009900990099009901,True,0.009900990099009901,True,0.009900990099009901,False,0.0594059405940594,False,V1B_left; V1_left; V2L_left; V2ML_left; DLEnt_right
13,0,1,30,0.1438330495513651,0.009900990099009901,0.009900990099009901,True,0.009900990099009901,True,0.009900990099009901,False,0.0594059405940594,False,Acumbens_left; AIP_left; AIV_left; Amygdala_left; GIDI_left
13,0,2,15,0.11660987227530337,0.009900990099009901,0.009900990099009901,True,0.009900990099009901,True,0.009900990099009901,False,0.0594059405940594,False,AID_left; DI_left; Fr3_left; GI_left; S1DZ0_left
13,0,3,26,0.15052333195954085,0.009900990099009901,0.009900990099009901,True,0.009900990099009901,True,0.009900990099009901,False,0.0594059405940594,False,Au1_left; AUD_left; AuV_left; Hipp_CA1_A_left; Hipp_CA2_left
13,0,4,17,0.08732189694990838,0.009900990099009901,0.009900990099009901,True,0.009900990099009901,True,0.009900990099009901,False,0.0594059405940594,False,Brainstem_left; Cent_Gray_left; Cerebellum_left; DLEnt_left; Ect_left
13,0,5,14,0.07764159481600838,0.009900990099009901,0.009900990099009901,True,0.009900990099009901,True,0.009900990099009901,False,0.0594059405940594,False,Cg_left; M1_left; M2_left; S1BF_left; S1DZ_left
13,0,6,12,0.09695695972952395,0.009900990099009901,0.009900990099009901,True,0.009900990099009901,True,0.009900990099009901,False,0.0594059405940594,False,DLEnt_right; Ect_right; Hipp_CA1_A_right; Hipp_CA1_P_right; Hipp_CA2_right
13,1,1,39,0.1670427701411282,0.009900990099009901,0.009900990099009901,True,0.009900990099009901,True,0.009900990099009901,False,0.04950495049504951,True,Acumbens_left; AIP_left; AIV_left; Amygdala_left; Cg_left
13,1,2,18,0.12789279129645692,0.009900990099009901,0.009900990099009901,True,0.009900990099009901,True,0.009900990099009901,False,0.04950495049504951,True,AID_left; DI_left; Fr3_left; GI_left; M1_left
13,1,3,27,0.15143937643519514,0.009900990099009901,0.009900990099009901,True,0.009900990099009901,True,0.009900990099009901,False,0.04950495049504951,True,Au1_left; AUD_left; AuV_left; Hipp_CA1_A_left; Hipp_CA2_left
13,1,4,9,0.0380736447940109,0.009900990099009901,0.009900990099009901,True,0.009900990099009901,True,0.009900990099009901,False,0.04950495049504951,True,Brainstem_left; Cerebellum_left; DLEnt_left; Ect_left; Hipp_Sub_P_left
13,1,5,21,0.13896267893502542,0.009900990099009901,0.009900990099009901,True,0.009900990099009901,True,0.009900990099009901,False,0.04950495049504951,True,Cent_Gray_left; Inferior_Colliculus_left; RSGb_left; Superior_Colliculus_left; Central_Gray_right
13,2,1,14,0.06501816845381775,0.009900990099009901,0.009900990099009901,True,0.009900990099009901,True,0.009900990099009901,False,0.0594059405940594,False,Acumbens_left; AIV_left; IL_left; LSeptn_left; Piriform_left
13,2,2,28,0.14480804618228513,0.009900990099009901,0.009900990099009901,True,0.009900990099009901,True,0.009900990099009901,False,0.0594059405940594,False,AID_left; AIP_left; Amygdala_left; DI_left; Fr3_left
13,2,3,25,0.1297793959780823,0.009900990099009901,0.009900990099009901,True,0.009900990099009901,True,0.009900990099009901,False,0.0594059405940594,False,Au1_left; AUD_left; Hipp_CA1_A_left; Hipp_CA2_left; Hipp_CA3_A_left
13,2,4,22,0.13433983177051606,0.009900990099009901,0.009900990099009901,True,0.009900990099009901,True,0.009900990099009901,False,0.0594059405940594,False,AuV_left; Cerebellum_left; RSGb_left; Superior_Colliculus_left; Central_Gray_right
13,2,5,10,0.03765230720494436,0.009900990099009901,0.009900990099009901,True,0.009900990099009901,True,0.009900990099009901,False,0.0594059405940594,False,Brainstem_left; Cent_Gray_left; DLEnt_left; Ect_left; Hipp_Sub_P_left
13,2,6,15,0.07647757295930396,0.009900990099009901,0.009900990099009901,True,0.009900990099009901,True,0.009900990099009901,False,0.0594059405940594,False,Cg_left; M1_left; M2_left; PrL_left; S1DZ_left
13,3,1,34,0.14844356938720263,0.009900990099009901,0.009900990099009901,True,0.009900990099009901,True,0.009900990099009901,False,0.04950495049504951,True,Acumbens_left; AIV_left; Cg_left; Hypothalamus_left; IL_left
13,3,2,23,0.14305312200004902,0.009900990099009901,0.009900990099009901,True,0.009900990099009901,True,0.009900990099009901,False,0.04950495049504951,True,AID_left; AIP_left; Amygdala_left; DI_left; Fr3_left
13,3,3,26,0.15455798472538548,0.009900990099009901,0.009900990099009901,True,0.009900990099009901,True,0.009900990099009901,False,0.04950495049504951,True,Au1_left; AUD_left; Hipp_CA1_A_left; Hipp_CA2_left; Hipp_CA3_A_left
13,3,4,14,0.09632814924017685,0.009900990099009901,0.009900990099009901,True,0.009900990099009901,True,0.009900990099009901,False,0.04950495049504951,True,AuV_left; Hipp_dentegyrus_P_left; Ect_right; Hipp_CA1_A_right; Hipp_CA1_P_right
13,3,5,17,0.09608189796293261,0.009900990099009901,0.009900990099009901,True,0.009900990099009901,True,0.009900990099009901,False,0.04950495049504951,True,Brainstem_left; Cent_Gray_left; Cerebellum_left; DLEnt_left; Ect_left
13,4,1,22,0.08354907495114688,0.009900990099009901,0.009900990099009901,True,0.009900990099009901,True,0.009900990099009901,False,0.0594059405940594,False,Acumbens_left; AIV_left; Hypothalamus_left; IL_left; LSeptn_left
13,4,2,23,0.1400138085934925,0.009900990099009901,0.009900990099009901,True,0.009900990099009901,True,0.009900990099009901,False,0.0594059405940594,False,AID_left; AIP_left; Amygdala_left; DI_left; Fr3_left
13,4,3,18,0.11871167018336663,0.009900990099009901,0.009900990099009901,True,0.009900990099009901,True,0.009900990099009901,False,0.0594059405940594,False,Au1_left; AuV_left; RSGb_left; Cerebellum_right; DLEnt_right
13,4,4,18,0.0965325270482795,0.009900990099009901,0.009900990099009901,True,0.009900990099009901,True,0.009900990099009901,False,0.0594059405940594,False,AUD_left; Hipp_CA3_A_left; Hipp_FC_left; LPtA_left; MPtA_left
13,4,5,20,0.07492807832168628,0.009900990099009901,0.009900990099009901,True,0.009900990099009901,True,0.009900990099009901,False,0.0594059405940594,False,Brainstem_left; Cent_Gray_left; Cerebellum_left; DLEnt_left; Ect_left
13,4,6,13,0.06960535384194452,0.009900990099009901,0.009900990099009901,True,0.009900990099009901,True,0.009900990099009901,False,0.0594059405940594,False,Cg_left; M1_left; M2_left; S1DZ_left; S1FL_left
13,5,1,24,0.11254191787452761,0.009900990099009901,0.009900990099009901,True,0.009900990099009901,True,0.009900990099009901,False,0.0594059405940594,False,Acumbens_left; AIV_left; Cg_left; IL_left; LSeptn_left
13,5,2,25,0.15645079089948138,0.009900990099009901,0.009900990099009901,True,0.009900990099009901,True,0.009900990099009901,False,0.0594059405940594,False,AID_left; AIP_left; DI_left; Fr3_left; GIDI_left
13,5,3,8,0.02061824244978909,0.009900990099009901,0.009900990099009901,True,0.009900990099009901,True,0.009900990099009901,False,0.0594059405940594,False,Amygdala_left; Hypothalamus_left; SaP_left; Thalamus_A_left; Thalamus_P_left
13,5,4,24,0.1435460924026165,0.009900990099009901,0.009900990099009901,True,0.009900990099009901,True,0.009900990099009901,False,0.0594059405940594,False,Au1_left; AUD_left; AuV_left; Hipp_CA1_A_left; Hipp_CA2_left
13,5,5,14,0.056183953652455994,0.009900990099009901,0.009900990099009901,True,0.009900990099009901,True,0.009900990099009901,False,0.0594059405940594,False,Brainstem_left; Cent_Gray_left; Cerebellum_left; DLEnt_left; Ect_left
13,5,6,19,0.09457740623425821,0.009900990099009901,0.009900990099009901,True,0.009900990099009901,True,0.009900990099009901,False,0.0594059405940594,False,Hipp_CA3_A_left; Hipp_FC_left; LPtA_left; MPtA_left; PtPD_left
13,6,1,20,0.07264145394549595,0.009900990099009901,0.009900990099009901,True,0.009900990099009901,True,0.009900990099009901,False,0.0594059405940594,False,Acumbens_left; Amygdala_left; GIDI_left; Hypothalamus_left; IL_left
13,6,2,23,0.14912523668270547,0.009900990099009901,0.009900990099009901,True,0.009900990099009901,True,0.009900990099009901,False,0.0594059405940594,False,AID_left; AIP_left; AIV_left; DI_left; Fr3_left
13,6,3,26,0.1379658988193823,0.009900990099009901,0.009900990099009901,True,0.009900990099009901,True,0.009900990099009901,False,0.0594059405940594,False,Au1_left; AUD_left; Hipp_CA1_A_left; Hipp_CA2_left; Hipp_CA3_A_left
13,6,4,22,0.13779733792865623,0.009900990099009901,0.009900990099009901,True,0.009900990099009901,True,0.009900990099009901,False,0.0594059405940594,False,AuV_left; Cent_Gray_left; Hipp_Sub_P_left; RSGb_left; Superior_Colliculus_left
13,6,5,9,0.0345184234928052,0.009900990099009901,0.009900990099009901,True,0.009900990099009901,True,0.009900990099009901,False,0.0594059405940594,False,Brainstem_left; Cerebellum_left; DLEnt_left; Ect_left; Inferior_Colliculus_left
13,6,6,14,0.08594132356242809,0.009900990099009901,0.009900990099009901,True,0.009900990099009901,True,0.009900990099009901,False,0.0594059405940594,False,Cg_left; M1_left; M2_left; PrL_left; S1DZ_left
13,7,1,36,0.16647410167763194,0.009900990099009901,0.009900990099009901,True,0.009900990099009901,True,0.009900990099009901,False,0.04950495049504951,True,Acumbens_left; AIP_left; AIV_left; Amygdala_left; Cg_left
13,7,2,16,0.12078420484446761,0.009900990099009901,0.009900990099009901,True,0.009900990099009901,True,0.009900990099009901,False,0.04950495049504951,True,AID_left; DI_left; Fr3_left; GI_left; S1DZ0_left
13,7,3,31,0.16198878155174387,0.009900990099009901,0.009900990099009901,True,0.009900990099009901,True,0.009900990099009901,False,0.04950495049504951,True,Au1_left; AUD_left; AuV_left; Hipp_CA1_A_left; Hipp_CA2_left
13,7,4,16,0.08551486564198992,0.009900990099009901,0.009900990099009901,True,0.009900990099009901,True,0.009900990099009901,False,0.04950495049504951,True,Brainstem_left; Cent_Gray_left; Cerebellum_left; DLEnt_left; Ect_left
13,7,5,15,0.10962863536015278,0.009900990099009901,0.009900990099009901,True,0.009900990099009901,True,0.009900990099009901,False,0.04950495049504951,True,V1B_left; V2L_left; DLEnt_right; Ect_right; Hipp_CA1_A_right
13,8,1,30,0.1449307612792181,0.009900990099009901,0.009900990099009901,True,0.009900990099009901,True,0.009900990099009901,False,0.06930693069306931,False,Acumbens_left; AIP_left; AIV_left; Amygdala_left; GIDI_left
13,8,2,16,0.12066098550377996,0.009900990099009901,0.009900990099009901,True,0.009900990099009901,True,0.009900990099009901,False,0.06930693069306931,False,AID_left; DI_left; Fr3_left; GI_left; S1DZ0_left
13,8,3,8,0.04012786590905789,0.009900990099009901,0.009900990099009901,True,0.009900990099009901,True,0.009900990099009901,False,0.06930693069306931,False,Au1_left; AuV_left; Hipp_CA1_A_left; Hipp_CA2_left; Hipp_CA3_P_left
13,8,4,19,0.11579922992354577,0.009900990099009901,0.009900990099009901,True,0.009900990099009901,True,0.009900990099009901,False,0.06930693069306931,False,AUD_left; Hipp_CA3_A_left; Hipp_FC_left; LPtA_left; MPtA_left
13,8,5,17,0.07843131900826537,0.009900990099009901,0.009900990099009901,True,0.009900990099009901,True,0.009900990099009901,False,0.06930693069306931,False,Brainstem_left; Cent_Gray_left; Cerebellum_left; DLEnt_left; Ect_left
13,8,6,12,0.0755451673873244,0.009900990099009901,0.009900990099009901,True,0.009900990099009901,True,0.009900990099009901,False,0.06930693069306931,False,Cg_left; M1_left; M2_left; S1FL_left; S1HL_left
13,8,7,12,0.09459551439431392,0.009900990099009901,0.009900990099009901,True,0.009900990099009901,True,0.009900990099009901,False,0.06930693069306931,False,DLEnt_right; Ect_right; Hipp_CA1_A_right; Hipp_CA1_P_right; Hipp_CA2_right
13,9,1,25,0.10612549768261631,0.009900990099009901,0.009900990099009901,True,0.009900990099009901,True,0.009900990099009901,False,0.0594059405940594,False,Acumbens_left; AIP_left; AIV_left; Amygdala_left; GIDI_left
13,9,2,16,0.1208713320821504,0.009900990099009901,0.009900990099009901,True,0.009900990099009901,True,0.009900990099009901,False,0.0594059405940594,False,AID_left; DI_left; Fr3_left; GI_left; S1DZ0_left
13,9,3,25,0.1511124663996528,0.009900990099009901,0.009900990099009901,True,0.009900990099009901,True,0.009900990099009901,False,0.0594059405940594,False,Au1_left; AUD_left; Hipp_CA1_A_left; Hipp_CA2_left; Hipp_CA3_A_left
13,9,4,21,0.13440421697669222,0.009900990099009901,0.009900990099009901,True,0.009900990099009901,True,0.009900990099009901,False,0.0594059405940594,False,AuV_left; Cent_Gray_left; Inferior_Colliculus_left; Superior_Colliculus_left; Central_Gray_right
13,9,5,9,0.03874378966641248,0.009900990099009901,0.009900990099009901,True,0.009900990099009901,True,0.009900990099009901,False,0.0594059405940594,False,Brainstem_left; Cerebellum_left; DLEnt_left; Ect_left; Hipp_Sub_P_left
13,9,6,18,0.09151556151780026,0.009900990099009901,0.009900990099009901,True,0.009900990099009901,True,0.009900990099009901,False,0.0594059405940594,False,Cg_left; IL_left; M1_left; M2_left; PrL_left
13,10,1,15,0.08825343199265533,0.009900990099009901,0.009900990099009901,True,0.009900990099009901,True,0.009900990099009901,False,0.06930693069306931,False,Acumbens_left; AIV_left; IL_left; LSeptn_left; Piriform_left
13,10,2,21,0.13265226558410131,0.009900990099009901,0.009900990099009901,True,0.009900990099009901,True,0.009900990099009901,False,0.06930693069306931,False,AID_left; AIP_left; DI_left; Fr3_left; GIDI_left
13,10,3,9,0.03414492576407857,0.009900990099009901,0.009900990099009901,True,0.009900990099009901,True,0.009900990099009901,False,0.06930693069306931,False,Amygdala_left; Hypothalamus_left; SaM_left; SaP_left; Thalamus_A_left
13,10,4,24,0.13587496602433677,0.009900990099009901,0.009900990099009901,True,0.009900990099009901,True,0.009900990099009901,False,0.06930693069306931,False,Au1_left; AUD_left; Hipp_CA1_A_left; Hipp_CA2_left; Hipp_CA3_A_left
13,10,5,15,0.10275049027175182,0.009900990099009901,0.009900990099009901,True,0.009900990099009901,True,0.009900990099009901,False,0.06930693069306931,False,AuV_left; RSGb_left; DLEnt_right; Ect_right; Hipp_CA1_A_right
13,10,6,16,0.10092291589691223,0.009900990099009901,0.009900990099009901,True,0.009900990099009901,True,0.009900990099009901,False,0.06930693069306931,False,Brainstem_left; Cent_Gray_left; Cerebellum_left; DLEnt_left; Ect_left
13,10,7,14,0.07011212580508165,0.009900990099009901,0.009900990099009901,True,0.009900990099009901,True,0.009900990099009901,False,0.06930693069306931,False,Cg_left; M1_left; M2_left; S1BF_left; S1DZ_left
13,11,1,22,0.1233554230975418,0.009900990099009901,0.009900990099009901,True,0.009900990099009901,True,0.009900990099009901,False,0.0594059405940594,False,Acumbens_left; AIV_left; Cg_left; IL_left; LSeptn_left
13,11,2,35,0.17368799257047715,0.009900990099009901,0.009900990099009901,True,0.009900990099009901,True,0.009900990099009901,False,0.0594059405940594,False,AID_left; AIP_left; Amygdala_left; DI_left; Fr3_left
13,11,3,10,0.05002908995925905,0.009900990099009901,0.009900990099009901,True,0.009900990099009901,True,0.009900990099009901,False,0.0594059405940594,False,Au1_left; AUD_left; AuV_left; Hipp_CA1_A_left; Hipp_CA2_left
13,11,4,15,0.07316530949412357,0.009900990099009901,0.009900990099009901,True,0.009900990099009901,True,0.009900990099009901,False,0.0594059405940594,False,Brainstem_left; Cent_Gray_left; Cerebellum_left; DLEnt_left; Ect_left
13,11,5,20,0.11574152386711242,0.009900990099009901,0.009900990099009901,True,0.009900990099009901,True,0.009900990099009901,False,0.0594059405940594,False,Hipp_CA3_A_left; Hipp_dentegyrus_A_left; Hipp_FC_left; LPtA_left; MPtA_left
13,11,6,12,0.09205580517208564,0.009900990099009901,0.009900990099009901,True,0.009900990099009901,True,0.009900990099009901,False,0.0594059405940594,False,DLEnt_right; Ect_right; Hipp_CA1_A_right; Hipp_CA1_P_right; Hipp_CA2_right
13,12,1,32,0.1381330873650331,0.009900990099009901,0.009900990099009901,True,0.009900990099009901,True,0.009900990099009901,False,0.04950495049504951,True,Acumbens_left; Cg_left; Hypothalamus_left; IL_left; LSeptn_left
13,12,2,27,0.17026910451123026,0.009900990099009901,0.009900990099009901,True,0.009900990099009901,True,0.009900990099009901,False,0.04950495049504951,True,AID_left; AIP_left; AIV_left; Amygdala_left; DI_left
13,12,3,19,0.07718812879115881,0.009900990099009901,0.009900990099009901,True,0.009900990099009901,True,0.009900990099009901,False,0.04950495049504951,True,Au1_left; AuV_left; Brainstem_left; Cent_Gray_left; Cerebellum_left
13,12,4,18,0.11169742617866266,0.009900990099009901,0.009900990099009901,True,0.009900990099009901,True,0.009900990099009901,False,0.04950495049504951,True,AUD_left; Hipp_CA3_A_left; Hipp_FC_left; LPtA_left; MPtA_left
13,12,5,18,0.1227648332156903,0.009900990099009901,0.009900990099009901,True,0.009900990099009901,True,0.009900990099009901,False,0.04950495049504951,True,Superior_Colliculus_left; Central_Gray_right; Cerebellum_right; DLEnt_right; Ect_right
14,0,1,15,0.08693990090355595,0.009900990099009901,0.009900990099009901,True,0.009900990099009901,True,0.009900990099009901,False,0.06930693069306931,False,Acumbens_left; AIV_left; IL_left; LSeptn_left; Piriform_left
14,0,2,21,0.13350659416093383,0.009900990099009901,0.009900990099009901,True,0.009900990099009901,True,0.009900990099009901,False,0.06930693069306931,False,AID_left; AIP_left; DI_left; Fr3_left; GIDI_left
14,0,3,9,0.031197937936203544,0.009900990099009901,0.009900990099009901,True,0.009900990099009901,True,0.009900990099009901,False,0.06930693069306931,False,Amygdala_left; Hypothalamus_left; SaM_left; SaP_left; Thalamus_A_left
14,0,4,26,0.1529440281038953,0.009900990099009901,0.009900990099009901,True,0.009900990099009901,True,0.009900990099009901,False,0.06930693069306931,False,Au1_left; AUD_left; Hipp_CA1_A_left; Hipp_CA2_left; Hipp_CA3_A_left
14,0,5,23,0.14788328905307352,0.009900990099009901,0.009900990099009901,True,0.009900990099009901,True,0.009900990099009901,False,0.06930693069306931,False,AuV_left; Cent_Gray_left; Cerebellum_left; Inferior_Colliculus_left; RSGb_left
14,0,6,8,0.03280646630300552,0.009900990099009901,0.009900990099009901,True,0.009900990099009901,True,0.009900990099009901,False,0.06930693069306931,False,Brainstem_left; DLEnt_left; Ect_left; Hipp_Sub_P_left; PRh_left
14,0,7,12,0.05385528842742518,0.009900990099009901,0.009900990099009901,True,0.009900990099009901,True,0.009900990099009901,False,0.06930693069306931,False,Cg_left; M1_left; M2_left; S1DZ_left; S1FL_left
14,1,1,30,0.14151837033389422,0.009900990099009901,0.009900990099009901,True,0.009900990099009901,True,0.009900990099009901,False,0.04950495049504951,True,Acumbens_left; AIP_left; AIV_left; Amygdala_left; GIDI_left
14,1,2,16,0.12423430388907226,0.009900990099009901,0.009900990099009901,True,0.009900990099009901,True,0.009900990099009901,False,0.04950495049504951,True,AID_left; DI_left; Fr3_left; GI_left; S1DZ0_left
14,1,3,39,0.18111587162880124,0.009900990099009901,0.009900990099009901,True,0.009900990099009901,True,0.009900990099009901,False,0.04950495049504951,True,Au1_left; AUD_left; AuV_left; Cg_left; Hipp_CA1_A_left
14,1,4,17,0.0739883319938362,0.009900990099009901,0.009900990099009901,True,0.009900990099009901,True,0.009900990099009901,False,0.04950495049504951,True,Brainstem_left; Cent_Gray_left; Cerebellum_left; DLEnt_left; Ect_left
14,1,5,12,0.09539762141383629,0.009900990099009901,0.009900990099009901,True,0.009900990099009901,True,0.009900990099009901,False,0.04950495049504951,True,DLEnt_right; Ect_right; Hipp_CA1_A_right; Hipp_CA1_P_right; Hipp_CA2_right
14,2,1,23,0.11928298141411085,0.009900990099009901,0.009900990099009901,True,0.009900990099009901,True,0.009900990099009901,False,0.06930693069306931,False,Acumbens_left; AIV_left; Cg_left; IL_left; LSeptn_left
14,2,2,17,0.12644987750165365,0.009900990099009901,0.009900990099009901,True,0.009900990099009901,True,0.009900990099009901,False,0.06930693069306931,False,AID_left; DI_left; Fr3_left; GI_left; S1DZ0_left
14,2,3,17,0.062846301380156,0.009900990099009901,0.009900990099009901,True,0.009900990099009901,True,0.009900990099009901,False,0.06930693069306931,False,AIP_left; Amygdala_left; GIDI_left; Hypothalamus_left; Piriform_left
14,2,4,17,0.07478965593081488,0.009900990099009901,0.009900990099009901,True,0.009900990099009901,True,0.009900990099009901,False,0.06930693069306931,False,Au1_left; AuV_left; Cent_Gray_left; Hipp_CA1_A_left; Hipp_CA2_left
14,2,5,20,0.12957252078969841,0.009900990099009901,0.009900990099009901,True,0.009900990099009901,True,0.009900990099009901,False,0.06930693069306931,False,AUD_left; Hipp_CA3_A_left; Hipp_FC_left; LPtA_left; MPtA_left
14,2,6,7,0.02836972088417596,0.009900990099009901,0.009900990099009901,True,0.009900990099009901,True,0.009900990099009901,False,0.06930693069306931,False,Brainstem_left; Cerebellum_left; DLEnt_left; Ect_left; PRh_left
14,2,7,13,0.0970501946209159,0.009900990099009901,0.009900990099009901,True,0.009900990099009901,True,0.009900990099009901,False,0.06930693069306931,False,Cerebellum_right; DLEnt_right; Ect_right; Hipp_CA1_A_right; Hipp_CA1_P_right
14,3,1,28,0.12884685704164145,0.009900990099009901,0.009900990099009901,True,0.009900990099009901,True,0.009900990099009901,False,0.0594059405940594,False,Acumbens_left; AIP_left; AIV_left; Amygdala_left; GIDI_left
14,3,2,15,0.1134068383968429,0.009900990099009901,0.009900990099009901,True,0.009900990099009901,True,0.009900990099009901,False,0.0594059405940594,False,AID_left; DI_left; Fr3_left; GI_left; S1DZ0_left
14,3,3,28,0.14833207837319912,0.009900990099009901,0.009900990099009901,True,0.009900990099009901,True,0.009900990099009901,False,0.0594059405940594,False,Au1_left; AUD_left; AuV_left; Cent_Gray_left; Hipp_CA1_A_left
14,3,4,10,0.04334776283897968,0.009900990099009901,0.009900990099009901,True,0.009900990099009901,True,0.009900990099009901,False,0.0594059405940594,False,Brainstem_left; Cerebellum_left; DLEnt_left; Ect_left; Hipp_Sub_P_left
14,3,5,15,0.08630218532374595,0.009900990099009901,0.009900990099009901,True,0.009900990099009901,True,0.009900990099009901,False,0.0594059405940594,False,Cg_left; M1_left; M2_left; PrL_left; S1DZ_left
14,3,6,18,0.12154276998390369,0.009900990099009901,0.009900990099009901,True,0.009900990099009901,True,0.009900990099009901,False,0.0594059405940594,False,Superior_Colliculus_left; Central_Gray_right; Cerebellum_right; DLEnt_right; Ect_right
14,4,1,28,0.1268119719845447,0.009900990099009901,0.009900990099009901,True,0.009900990099009901,True,0.009900990099009901,False,0.0594059405940594,False,Acumbens_left; AIP_left; AIV_left; Amygdala_left; GIDI_left
14,4,2,15,0.11377929469773343,0.009900990099009901,0.009900990099009901,True,0.009900990099009901,True,0.009900990099009901,False,0.0594059405940594,False,AID_left; DI_left; Fr3_left; GI_left; S1DZ0_left
14,4,3,15,0.10125689378436659,0.009900990099009901,0.009900990099009901,True,0.009900990099009901,True,0.009900990099009901,False,0.0594059405940594,False,Au1_left; AuV_left; DLEnt_right; Ect_right; Hipp_CA1_A_right
14,4,4,17,0.09166499787879542,0.009900990099009901,0.009900990099009901,True,0.009900990099009901,True,0.009900990099009901,False,0.0594059405940594,False,AUD_left; Hipp_FC_left; LPtA_left; MPtA_left; PtPD_left
14,4,5,24,0.10469596510966267,0.009900990099009901,0.009900990099009901,True,0.009900990099009901,True,0.009900990099009901,False,0.0594059405940594,False,Brainstem_left; Cent_Gray_left; Cerebellum_left; DLEnt_left; Ect_left
14,4,6,15,0.08966956726833351,0.009900990099009901,0.009900990099009901,True,0.009900990099009901,True,0.009900990099009901,False,0.0594059405940594,False,Cg_left; M1_left; M2_left; PrL_left; S1DZ_left
14,5,1,30,0.1423295454725056,0.009900990099009901,0.009900990099009901,True,0.009900990099009901,True,0.009900990099009901,False,0.0594059405940594,False,Acumbens_left; AIP_left; AIV_left; Amygdala_left; GIDI_left
14,5,2,16,0.12045727924047783,0.009900990099009901,0.009900990099009901,True,0.009900990099009901,True,0.009900990099009901,False,0.0594059405940594,False,AID_left; DI_left; Fr3_left; GI_left; S1DZ0_left
14,5,3,23,0.13461306136569443,0.009900990099009901,0.009900990099009901,True,0.009900990099009901,True,0.009900990099009901,False,0.0594059405940594,False,Au1_left; AUD_left; AuV_left; Hipp_CA1_A_left; Hipp_CA2_left
14,5,4,16,0.08059089526913757,0.009900990099009901,0.009900990099009901,True,0.009900990099009901,True,0.009900990099009901,False,0.0594059405940594,False,Brainstem_left; Cent_Gray_left; Cerebellum_left; DLEnt_left; Ect_left
14,5,5,12,0.06619717237311937,0.009900990099009901,0.009900990099009901,True,0.009900990099009901,True,0.009900990099009901,False,0.0594059405940594,False,Cg_left; M1_left; M2_left; S1FL_left; S1HL_left
14,5,6,17,0.12029503661052848,0.009900990099009901,0.009900990099009901,True,0.009900990099009901,True,0.009900990099009901,False,0.0594059405940594,False,TeA_left; V1B_left; V1_left; V2L_left; DLEnt_right
14,6,1,20,0.11868922574514937,0.009900990099009901,0.009900990099009901,True,0.009900990099009901,True,0.009900990099009901,False,0.0594059405940594,False,Acumbens_left; Cg_left; IL_left; LSeptn_left; M2_left
14,6,2,26,0.1690814684058269,0.009900990099009901,0.009900990099009901,True,0.009900990099009901,True,0.009900990099009901,False,0.0594059405940594,False,AID_left; AIP_left; AIV_left; Amygdala_left; DI_left
14,6,3,25,0.14206871024502823,0.009900990099009901,0.009900990099009901,True,0.009900990099009901,True,0.009900990099009901,False,0.0594059405940594,False,Au1_left; AUD_left; AuV_left; Hipp_CA3_A_left; Hipp_FC_left
14,6,4,23,0.1160072243011943,0.009900990099009901,0.009900990099009901,True,0.009900990099009901,True,0.009900990099009901,False,0.0594059405940594,False,Brainstem_left; Cent_Gray_left; Cerebellum_left; DLEnt_left; Ect_left
14,6,5,8,0.023796389242493977,0.009900990099009901,0.009900990099009901,True,0.009900990099009901,True,0.009900990099009901,False,0.0594059405940594,False,Hypothalamus_left; SaM_left; SaP_left; Thalamus_A_left; Thalamus_P_left
14,6,6,12,0.097412914961294,0.009900990099009901,0.009900990099009901,True,0.009900990099009901,True,0.009900990099009901,False,0.0594059405940594,False,DLEnt_right; Ect_right; Hipp_CA1_A_right; Hipp_CA1_P_right; Hipp_CA2_right
14,7,1,25,0.1270275342625531,0.009900990099009901,0.009900990099009901,True,0.009900990099009901,True,0.009900990099009901,False,0.0594059405940594,False,Acumbens_left; AIV_left; Cg_left; IL_left; LSeptn_left
14,7,2,23,0.14437981625320515,0.009900990099009901,0.009900990099009901,True,0.009900990099009901,True,0.009900990099009901,False,0.0594059405940594,False,AID_left; AIP_left; DI_left; Fr3_left; GIDI_left
14,7,3,9,0.03170343633128072,0.009900990099009901,0.009900990099009901,True,0.009900990099009901,True,0.009900990099009901,False,0.0594059405940594,False,Amygdala_left; Hypothalamus_left; SaM_left; SaP_left; Thalamus_A_left
14,7,4,27,0.1468501674030109,0.009900990099009901,0.009900990099009901,True,0.009900990099009901,True,0.009900990099009901,False,0.0594059405940594,False,Au1_left; AUD_left; Hipp_CA1_A_left; Hipp_CA2_left; Hipp_CA3_A_left
14,7,5,14,0.10169561153701635,0.009900990099009901,0.009900990099009901,True,0.009900990099009901,True,0.009900990099009901,False,0.0594059405940594,False,AuV_left; DLEnt_right; Ect_right; Hipp_CA1_A_right; Hipp_CA1_P_right
14,7,6,16,0.09053300197866475,0.009900990099009901,0.009900990099009901,True,0.009900990099009901,True,0.009900990099009901,False,0.0594059405940594,False,Brainstem_left; Cent_Gray_left; Cerebellum_left; DLEnt_left; Ect_left
14,8,1,26,0.13112349942650903,0.009900990099009901,0.009900990099009901,True,0.009900990099009901,True,0.009900990099009901,False,0.0594059405940594,False,Acumbens_left; Cg_left; IL_left; LSeptn_left; M1_left
14,8,2,18,0.12336037043116373,0.009900990099009901,0.009900990099009901,True,0.009900990099009901,True,0.009900990099009901,False,0.0594059405940594,False,AID_left; AIV_left; DI_left; Fr3_left; GI_left
14,8,3,14,0.05124659351185599,0.009900990099009901,0.009900990099009901,True,0.009900990099009901,True,0.009900990099009901,False,0.0594059405940594,False,AIP_left; Amygdala_left; GIDI_left; Hypothalamus_left; SaM_left
14,8,4,15,0.10855061612116794,0.009900990099009901,0.009900990099009901,True,0.009900990099009901,True,0.009900990099009901,False,0.0594059405940594,False,Au1_left; AuV_left; DLEnt_right; Ect_right; Hipp_CA1_A_right
14,8,5,26,0.13573870348701583,0.009900990099009901,0.009900990099009901,True,0.009900990099009901,True,0.009900990099009901,False,0.0594059405940594,False,AUD_left; Hipp_CA1_A_left; Hipp_CA2_left; Hipp_CA3_A_left; Hipp_CA3_P_left
14,8,6,15,0.06702780022975934,0.009900990099009901,0.009900990099009901,True,0.009900990099009901,True,0.009900990099009901,False,0.0594059405940594,False,Brainstem_left; Cent_Gray_left; Cerebellum_left; DLEnt_left; Ect_left
14,9,1,26,0.10757275606081697,0.009900990099009901,0.009900990099009901,True,0.009900990099009901,True,0.009900990099009901,False,0.0594059405940594,False,Acumbens_left; AIP_left; AIV_left; Amygdala_left; GIDI_left
14,9,2,16,0.12187752417535891,0.009900990099009901,0.009900990099009901,True,0.009900990099009901,True,0.009900990099009901,False,0.0594059405940594,False,AID_left; DI_left; Fr3_left; GI_left; S1DZ0_left
14,9,3,26,0.13884590503596417,0.009900990099009901,0.009900990099009901,True,0.009900990099009901,True,0.009900990099009901,False,0.0594059405940594,False,Au1_left; AUD_left; AuV_left; Hipp_CA1_A_left; Hipp_CA2_left
14,9,4,17,0.0752314528111143,0.009900990099009901,0.009900990099009901,True,0.009900990099009901,True,0.009900990099009901,False,0.0594059405940594,False,Brainstem_left; Cent_Gray_left; Cerebellum_left; DLEnt_left; Ect_left
14,9,5,17,0.09085404951490277,0.009900990099009901,0.009900990099009901,True,0.009900990099009901,True,0.009900990099009901,False,0.0594059405940594,False,Cg_left; IL_left; M1_left; M2_left; PrL_left
14,9,6,12,0.09391210539767474,0.009900990099009901,0.009900990099009901,True,0.009900990099009901,True,0.009900990099009901,False,0.0594059405940594,False,DLEnt_right; Ect_right; Hipp_CA1_A_right; Hipp_CA1_P_right; Hipp_CA2_right
14,10,1,18,0.07732203292966427,0.009900990099009901,0.009900990099009901,True,0.009900990099009901,True,0.009900990099009901,False,0.0594059405940594,False,Acumbens_left; AIV_left; Amygdala_left; Hypothalamus_left; LSeptn_left
14,10,2,23,0.14941974318383786,0.009900990099009901,0.009900990099009901,True,0.009900990099009901,True,0.009900990099009901,False,0.0594059405940594,False,AID_left; AIP_left; DI_left; Fr3_left; GIDI_left
14,10,3,21,0.09462499420632883,0.009900990099009901,0.009900990099009901,True,0.009900990099009901,True,0.009900990099009901,False,0.0594059405940594,False,Au1_left; Brainstem_left; Cent_Gray_left; Cerebellum_left; DLEnt_left
14,10,4,18,0.1074099130439293,0.009900990099009901,0.009900990099009901,True,0.009900990099009901,True,0.009900990099009901,False,0.0594059405940594,False,AUD_left; Hipp_CA3_A_left; Hipp_FC_left; LPtA_left; MPtA_left
14,10,5,16,0.11356103845393806,0.009900990099009901,0.009900990099009901,True,0.009900990099009901,True,0.009900990099009901,False,0.0594059405940594,False,AuV_left; Cerebellum_right; DLEnt_right; Ect_right; Hipp_CA1_A_right
14,10,6,18,0.09759631108321415,0.009900990099009901,0.009900990099009901,True,0.009900990099009901,True,0.009900990099009901,False,0.0594059405940594,False,Cg_left; IL_left; M1_left; M2_left; PrL_left
14,11,1,43,0.20318168903467762,0.009900990099009901,0.009900990099009901,True,0.009900990099009901,True,0.009900990099009901,False,0.04950495049504951,True,Acumbens_left; AID_left; AIP_left; AIV_left; Amygdala_left
14,11,2,22,0.13876271628977271,0.009900990099009901,0.009900990099009901,True,0.009900990099009901,True,0.009900990099009901,False,0.04950495049504951,True,Au1_left; AuV_left; Cerebellum_left; RSGb_left; Superior_Colliculus_left
14,11,3,23,0.11751866530852352,0.009900990099009901,0.009900990099009901,True,0.009900990099009901,True,0.009900990099009901,False,0.04950495049504951,True,AUD_left; Hipp_CA1_A_left; Hipp_CA2_left; Hipp_CA3_A_left; Hipp_CA3_P_left
14,11,4,11,0.04362437945166964,0.009900990099009901,0.009900990099009901,True,0.009900990099009901,True,0.009900990099009901,False,0.04950495049504951,True,Brainstem_left; Cent_Gray_left; DLEnt_left; Ect_left; Hipp_dentegyrus_P_left
14,11,5,15,0.083099284408423,0.009900990099009901,0.009900990099009901,True,0.009900990099009901,True,0.009900990099009901,False,0.04950495049504951,True,Cg_left; M1_left; M2_left; PrL_left; S1DZ_left
14,12,1,41,0.17170483068188241,0.009900990099009901,0.009900990099009901,True,0.009900990099009901,True,0.009900990099009901,False,0.04950495049504951,True,Acumbens_left; AIP_left; AIV_left; Amygdala_left; Cg_left
14,12,2,16,0.1201316135181026,0.009900990099009901,0.009900990099009901,True,0.009900990099009901,True,0.009900990099009901,False,0.04950495049504951,True,AID_left; DI_left; Fr3_left; GI_left; S1DZ0_left
14,12,3,28,0.14946312652765953,0.009900990099009901,0.009900990099009901,True,0.009900990099009901,True,0.009900990099009901,False,0.04950495049504951,True,Au1_left; AUD_left; AuV_left; Cerebellum_left; Hipp_CA1_A_left
14,12,4,8,0.027939302890528928,0.009900990099009901,0.009900990099009901,True,0.009900990099009901,True,0.009900990099009901,False,0.04950495049504951,True,Brainstem_left; DLEnt_left; Ect_left; Hipp_Sub_P_left; PRh_left
14,12,5,21,0.13719271409054826,0.009900990099009901,0.009900990099009901,True,0.009900990099009901,True,0.009900990099009901,False,0.04950495049504951,True,Cent_Gray_left; Hipp_dentegyrus_P_left; Inferior_Colliculus_left; Superior_Colliculus_left; Central_Gray_right
14,13,1,28,0.1312125941821567,0.009900990099009901,0.009900990099009901,True,0.009900990099009901,True,0.009900990099009901,False,0.04950495049504951,True,Acumbens_left; AIV_left; Cg_left; IL_left; LSeptn_left
14,13,2,23,0.14014076140961257,0.009900990099009901,0.009900990099009901,True,0.009900990099009901,True,0.009900990099009901,False,0.04950495049504951,True,AID_left; AIP_left; Amygdala_left; DI_left; Fr3_left
14,13,3,27,0.14153203211493587,0.009900990099009901,0.009900990099009901,True,0.009900990099009901,True,0.009900990099009901,False,0.04950495049504951,True,Au1_left; AUD_left; Hipp_CA1_A_left; Hipp_CA2_left; Hipp_CA3_A_left
14,13,4,30,0.1666942921850903,0.009900990099009901,0.009900990099009901,True,0.009900990099009901,True,0.009900990099009901,False,0.04950495049504951,True,AuV_left; Brainstem_left; Cent_Gray_left; Cerebellum_left; DLEnt_left
14,13,5,6,0.015400765882048235,0.009900990099009901,0.009900990099009901,True,0.009900990099009901,True,0.009900990099009901,False,0.04950495049504951,True,Hypothalamus_left; Thalamus_A_left; Thalamus_P_left; Hypothalamus_right; Thalamus_A_right
