k_value,cluster,nCIJtree,mdeg,gce,costmax,E,strategy
4,1,,5.947368421052632,0.6582794176598225,0.17277809124781626,0.20726223926889312,A_negative
4,2,,5.947368421052632,0.6337207882652085,0.16863889843235835,0.23623459127454047,A_negative
4,3,,7.9298245614035086,0.7004398333074807,0.23501186525494022,0.19367481910266168,A_negative
4,4,,5.947368421052632,0.6271888124913964,0.16440496691701664,0.25343623149907624,A_negative
