k_value,cluster,nCIJtree,mdeg,gce,costmax,E,strategy
4,1,,9.912280701754385,0.6463592573891428,0.34521566071100385,0.27272020934658864,A_positive
4,2,,9.912280701754385,0.622307351318226,0.31492679654288364,0.2840342652652623,A_positive
4,3,,7.9298245614035086,0.6199060207519591,0.3005839544516613,0.25603907816279287,A_positive
4,4,,11.894736842105264,0.6151815529982212,0.3534831873346954,0.297872846179782,A_positive
