k_value,cluster,nCIJtree,mdeg,gce,costmax,E,strategy
4,1,,13.87719298245614,0.6237642029318244,0.2583580930314822,0.3369979940028029,B
4,2,,15.859649122807017,0.5937614232398043,0.2639688058123839,0.36708703075096255,B
4,3,,13.87719298245614,0.6327992596562952,0.27943116425216347,0.31983760836902225,B
4,4,,17.842105263157894,0.583751896104518,0.276847994758543,0.38742490297758225,B
